שם,שם משפחה,כיתה,תאריך לידה,מגמה,מחנך/ת,זכר - נקבה,שנת סיום,עיר,מה עושה היום,אימפקט הופה
ליאור,פרידמן,"י""ב 3",2002-12-06,אוטוטרוניקה,,זכר,"תשפ""ד",ירושלים,,
שחר,ברק,"י""ב 1",2004-04-19,אוטוטרוניקה,מרום נועה,זכר,"תשפ""ב",ירושלים,,
מאהר,חטיב,"י""ב 1",2000-07-15,עיצוב שיער,שגב מיכל,זכר,"תשפ""ב",תרום,,מסתדר כרגע
איתי,נחום,"י""ב 2",2002-08-02,מחשבים,ברזילי אורית,זכר,"תשע""ט",ירושלים,,
דועא,סבג,"י""ב 1",2002-06-12,אוטוטרוניקה,מרום נועה,נקבה,"תשפ""ג",ירושלים,עובד,עזרה כלכלית
בר,סרסור,"י""ב 2",2003-12-25,אוטוטרוניקה,נחמיאס דוד,זכר,,ירושלים,,מסתדר כרגע
מאהר,ביטון,"י""ב 3",2004-09-25,אוטוטרוניקה,בן חיים שרית,זכר,"תשע""ט",גבע בנימין,,מסתדר כרגע
לינוי,ברק,"י""ב 1",2000-09-07,תחזוקת מחשבים אישיים ורשתות תקשורת,קרן יואב,,"תשפ""ה",מעלה אדומים,,מסתדר כרגע
איתי,פרץ,"י""ב 2",2007-03-13,עיצוב שיער,מרום נועה,זכר,"תשע""ט",ירושלים,,מלגה
אסף,שפירא,"י""ב 2",2003-01-08,עיצוב שיער,אמסלם ציפי,זכר,"תשפ""ד",ירושלים,חייל,
הילה,עטיה,"י""ב 3",2002-04-25,עיצוב שיער,שביט איתן,נקבה,"תשע""ט",ירושלים,,
יוסף,אלבז,"י""ב 2",2003-06-06,מחשבים,,זכר,"תש""ף",ירושלים,חייל,
ליאור,חדד,"י""ב 1",2001-01-08,עיצוב שיער,נחמיאס דוד,זכר,"תשפ""ב",ירושלים,,מסתדר כרגע
אביב,אזולאי,"י""ב 3",2007-09-01,עיצוב שיער,מרום נועה,זכר,"תשפ""ד",בית שמש,,מסתדר כרגע
אלון,חדד,"י""ב 3",2005-10-03,אוטוטרוניקה,שביט איתן,,"תש""ף",מעלה אדומים,לפני צבא,
אור,סרסור,"י""ב 3",2006-07-24,אוטוטרוניקה,אמסלם ציפי,נקבה,"תשע""ט",ירושלים,,
אור,אשכנזי,"י""ב 1",2003-11-03,עיצוב שיער,,נקבה,"תשפ""ב",ירושלים,עובד,
דנה,פרץ,"י""ב 3",2001-12-20,עיצוב שיער,מרום נועה,נקבה,,נס הרים,,
ליאור,פרידמן,"י""ב 2",2005-01-27,עיצוב שיער,שגב מיכל,זכר,"תשפ""ב",,,
כרים,סלומון,"י""ב 2",2004-06-05,עיצוב שיער,נחמיאס דוד,זכר,"תשע""ט",ירושלים,,מסתדר כרגע
שחר,רוזן,"י""ב 1",2007-07-06,אוטוטרוניקה,שביט איתן,זכר,"תשפ""ב",ירושלים,,
סאמר,נסראללה,"י""ב 2",2007-01-24,אוטוטרוניקה,אמסלם ציפי,זכר,"תשפ""ג",ירושלים,,תעסוקה
אביב,שרעבי,"י""ב 3",2007-08-17,מחשבים,שביט איתן,,"תשפ""ג",,,
יובל,מלכה,"י""ב 2",2004-08-19,מחשבים,אלוני גדי,נקבה,"תשפ""ד",גבע בנימין,,מסתדר כרגע
ליאור,זכריה,"י""ב 1",2001-10-01,אוטוטרוניקה,מרום נועה,זכר,"תש""ף",ירושלים,,מסתדר כרגע
איתי,שפירא,"י""ב 2",2000-06-22,עיצוב שיער,שביט איתן,,"תשפ""ה",ירושלים,,
יונתן,חיים,"י""ב 3",2003-06-11,עיצוב שיער,,זכר,"תשפ""ג",,,
דניאל,נסראללה,"י""ב 3",2003-08-12,אוטוטרוניקה,,זכר,,ירושלים,,מסתדר כרגע
אביגיל,מנסור,"י""ב 1",2007-07-09,אוטוטרוניקה,,נקבה,"תשפ""א",ירושלים,עובד,
סאמר,טל,"י""ב 2",2001-08-13,עיצוב שיער,קרן יואב,,"תשע""ט",ירושלים,מכינה,
אדם,אוחיון,"י""ב 1",2007-11-19,מחשבים,אלוני גדי,זכר,"תשפ""א",ירושלים,,
יהונתן,קדוש,"י""ב 3",2002-11-20,מחשבים,ברזילי אורית,זכר,"תש""ף",מבשרת ציון,עובד,מלגה
רועי,חטיב,"י""ב 2",2003-09-22,אוטוטרוניקה,אמסלם ציפי,זכר,"תשפ""ה",ירושלים,,מסתדר כרגע
ליאור,סעדה,"י""ב 3",2007-04-13,מחשבים,שגב מיכל,,"תשפ""ה",ירושלים,,מסתדר כרגע
מוחמד,מזרחי,"י""ב 2",2007-04-12,מחשבים,אלוני גדי,,"תשפ""א",גבע בנימין,חייל,
סלמא,סלומון,"י""ב 3",2001-10-06,מחשבים,בן חיים שרית,,"תש""ף",גבע בנימין,,
שי,אלבז,"י""ב 2",2002-03-27,מחשבים,ברזילי אורית,זכר,"תשע""ט",ירושלים,חייל,תעסוקה
אלון,סבג,"י""ב 3",2003-10-11,עיצוב שיער,מרום נועה,זכר,"תשפ""ג",ירושלים,,מלגה
אמל,נסראללה,"י""ב 2",2007-07-03,עיצוב שיער,שביט איתן,נקבה,"תשפ""ד",,חייל,
אמל,סרסור,"י""ב 2",2007-01-11,עיצוב שיער,ברזילי אורית,נקבה,"תשפ""ד",בת עין,,
בר,אגבאריה,"י""ב 1",2003-12-08,מחשבים,מרום נועה,זכר,"תשע""ט",,,מסתדר כרגע
אביגיל,סעדה,"י""ב 3",2001-06-09,עיצוב שיער,ברזילי אורית,נקבה,,ירושלים,מכינה,
דועא,סעדה,"י""ב 3",2000-03-13,מחשבים,בן חיים שרית,נקבה,"תשפ""ה",צור הדסה,,מלגה
יעל,אלבז,"י""ב 2",2007-10-01,מחשבים,,נקבה,"תשפ""ה",נס הרים,עובד,מלגה
אחמד,נסראללה,"י""ב 2",2006-12-07,מחשבים,מרום נועה,זכר,"תשפ""ה",ירושלים,,מסתדר כרגע
הראל,חיים,"י""ב 1",2000-12-04,עיצוב שיער,,,"תשפ""ב",בית שמש,,
עלי,מנסור,"י""ב 2",2001-01-05,אוטוטרוניקה,אמסלם ציפי,זכר,,ירושלים,,
אלעד,חיים,"י""ב 1",2003-01-25,מחשבים,קרן יואב,זכר,"תשע""ט",ירושלים,,
אסף,כהן,"י""ב 3",2004-12-08,מחשבים,קרן יואב,זכר,"תשע""ט",בית שמש,,
חסן,חדד,"י""ב 3",2000-09-12,אוטוטרוניקה,מרום נועה,זכר,"תשפ""א",צור הדסה,,
ליאור,כהן,"י""ב 1",2006-12-12,עיצוב שיער,שגב מיכל,זכר,"תשפ""ד",ירושלים,,מסתדר כרגע
אדם,עבד אלחק,"י""ב 1",2006-06-10,אוטוטרוניקה,שגב מיכל,זכר,"תש""ף",ירושלים,חייל,מסתדר כרגע
תומר,דהן,"י""ב 3",2004-02-06,עיצוב שיער,שגב מיכל,זכר,"תשפ""ה",ירושלים,,
אדם,מנסור,"י""ב 3",2006-06-30,אוטוטרוניקה,הלוי רונן,,"תשפ""א",,,
אדם,אגבאריה,"י""ב 1",2006-09-11,מחשבים,אמסלם ציפי,זכר,"תשפ""ה",בית הערבה,,
כרים,אזולאי,"י""ב 1",2000-01-14,מלונאות,נחמיאס דוד,זכר,"תשפ""א",קרית ארבע,,מסתדר כרגע
יהונתן,טל,"י""ב 2",2006-07-16,אוטוטרוניקה,מרום נועה,זכר,"תשפ""ה",,חייל,מסתדר כרגע
אלון,זכריה,"י""ב 1",2003-05-10,תחזוקת מחשבים אישיים ורשתות תקשורת,נחמיאס דוד,,"תשפ""ג",ירושלים,,מלגה
יהונתן,פרץ,"י""ב 2",2007-01-17,מלונאות,ברזילי אורית,זכר,"תשפ""ד",ירושלים,,מסתדר כרגע
אלעד,חיים,"י""ב 2",2005-03-02,אוטוטרוניקה,נחמיאס דוד,זכר,"תשפ""ב",,עובד,
הראל,מלכה,"י""ב 2",2005-11-22,אוטוטרוניקה,מרום נועה,זכר,"תשפ""ג",ירושלים,,מסתדר כרגע
רותם,אגבאריה,"י""ב 3",2000-03-11,מחשבים,קרן יואב,נקבה,"תשפ""ד",בית שמש,,
אלון,דוד,"י""ב 3",2002-02-17,עיצוב שיער,אמסלם ציפי,זכר,"תש""ף",,,
לינוי,סבג,"י""ב 3",2006-01-23,אוטוטרוניקה,נחמיאס דוד,נקבה,"תשע""ט",,חייל,
אביגיל,חיים,"י""ב 2",2004-04-10,מחשבים,,נקבה,"תשפ""א",בית שמש,עובד,
יהונתן,נסראללה,"י""ב 3",2006-08-03,מחשבים,שגב מיכל,זכר,"תשפ""ג",,חייל,תעסוקה
חסן,סעדה,"י""ב 3",2001-09-30,תחזוקת מחשבים אישיים ורשתות תקשורת,שביט איתן,זכר,"תשפ""ד",ירושלים,,מסתדר כרגע
רן,זועבי,"י""ב 2",2003-11-11,עיצוב שיער,הלוי רונן,זכר,"תשע""ט",,חייל,
בר,בן דוד,"י""ב 1",2007-10-10,מחשבים,,זכר,,ירושלים,עובד,
איתי,נחום,"י""ב 3",2003-09-11,מחשבים,,זכר,,ירושלים,,
אביגיל,סעדה,"י""ב 1",2003-04-22,מלונאות,,נקבה,"תשפ""א",בית שמש,,מסתדר כרגע
אסף,חדד,"י""ב 3",2006-02-01,מחשבים,ברזילי אורית,זכר,"תש""ף",,,עזרה כלכלית
גיא,אוחיון,"י""ב 1",2006-06-01,מחשבים,בן חיים שרית,זכר,"תשפ""א",ירושלים,,
גיא,חדד,"י""ב 2",2000-10-12,מחשבים,,זכר,"תש""ף",בית שמש,,
הראל,עמר,"י""ב 3",2006-06-23,מחשבים,בן חיים שרית,זכר,"תשפ""ב",,עובד,
תמר,טל,"י""ב 3",2006-01-16,מחשבים,בן חיים שרית,נקבה,"תשפ""א",ירושלים,,
יעל,אזולאי,"י""ב 3",2002-08-13,מחשבים,ברזילי אורית,נקבה,"תשפ""ה",ירושלים,עובד,
הראל,שרעבי,"י""ב 2",2001-04-24,אוטוטרוניקה,נחמיאס דוד,זכר,"תשפ""ב",בר גיורא,עובד,
ניצן,זכריה,"י""ב 3",2000-02-19,מחשבים,אמסלם ציפי,נקבה,"תשפ""ב",אודם,עובד,
מתן,ברק,"י""ב 1",2000-04-18,מחשבים,בן חיים שרית,זכר,"תשפ""א",ירושלים,,מסתדר כרגע
הדס,חטיב,"י""ב 1",2003-09-06,אוטוטרוניקה,מרום נועה,נקבה,"תשפ""ב",צור הדסה,,מסתדר כרגע
רן,אזולאי,"י""ב 3",2005-01-10,עיצוב שיער,ברזילי אורית,זכר,,,,
שירה,שרעבי,"י""ב 1",2001-09-14,מחשבים,,נקבה,"תשפ""ה",,,מסתדר כרגע
עומר,גבאי,"י""ב 2",2003-11-21,אוטוטרוניקה,אמסלם ציפי,זכר,"תשפ""ד",גבע בנימין,,
יעל,סעדה,"י""ב 2",2004-01-27,עיצוב שיער,אלוני גדי,,,מבשרת ציון,,מסתדר כרגע
אדם,פרץ,"י""ב 2",2002-02-09,מחשבים,הלוי רונן,זכר,,גבעת זאב,,
עדי,זועבי,"י""ב 2",2006-08-20,מלונאות,שביט איתן,,"תשפ""ה",ירושלים,,
עלי,אברהם,"י""ב 1",2002-11-07,אוטוטרוניקה,,זכר,"תשפ""א",,עובד,
מאהר,סעדה,"י""ב 1",2007-01-03,מלונאות,שביט איתן,זכר,,גבע בנימין,,
אריאל,חטיב,"י""ב 3",2006-06-23,מחשבים,נחמיאס דוד,זכר,"תשע""ט",ירושלים,חייל,
נור,סבג,"י""ב 1",2006-02-11,מלונאות,הלוי רונן,נקבה,"תשפ""ג",,,
כרים,סעדה,"י""ב 2",2003-11-30,עיצוב שיער,קרן יואב,זכר,"תשפ""א",גבעת זאב,,
אריאל,אזולאי,"י""ב 2",2004-05-19,מחשבים,מרום נועה,זכר,,ירושלים,,
הראל,ביטון,"י""ב 1",2005-10-25,עיצוב שיער,שביט איתן,זכר,"תש""ף",בית שמש,,מסתדר כרגע
אלעד,פרץ,"י""ב 2",2006-04-09,אוטוטרוניקה,נחמיאס דוד,זכר,"תשפ""ד",ירושלים,,
תומר,זועבי,"י""ב 3",2003-01-22,מחשבים,בן חיים שרית,זכר,"תשפ""ג",גבע בנימין,,
עמית,כהן,"י""ב 3",2002-07-24,אוטוטרוניקה,מרום נועה,זכר,"תשפ""ה",מבשרת ציון,,תעסוקה
סלמא,דהן,"י""ב 2",2002-06-14,עיצוב שיער,אלוני גדי,נקבה,"תשפ""א",ירושלים,,
ליאור,נחום,"י""ב 1",2005-01-27,מחשבים,קרן יואב,זכר,"תשפ""ד",,,מלגה
שקד,לוי,"י""ב 2",2004-10-24,עיצוב שיער,הלוי רונן,נקבה,,ירושלים,,
אמל,נחום,"י""ב 1",2002-05-04,אוטוטרוניקה,אמסלם ציפי,נקבה,"תש""ף",ירושלים,עובד,
יוסף,רוזן,"י""ב 1",2005-08-23,עיצוב שיער,שגב מיכל,,,גבע בנימין,לפני צבא,
עומר,שרעבי,"י""ב 1",2005-01-10,עיצוב שיער,נחמיאס דוד,זכר,"תש""ף",,,
נטע,אגבאריה,"י""ב 2",2004-10-10,אוטוטרוניקה,הלוי רונן,,"תשפ""ד",ירושלים,עובד,מסתדר כרגע
עמית,לוי,"י""ב 3",2003-01-24,מחשבים,הלוי רונן,זכר,"תש""ף",ירושלים,חייל,מסתדר כרגע
אורי,דהן,"י""ב 3",2004-04-13,,ברזילי אורית,זכר,"תשפ""ג",ירושלים,,
איתי,סרסור,"י""ב 1",2002-06-04,מחשבים,קרן יואב,,"תשפ""ב",צור הדסה,חייל,
אלון,דוד,"י""ב 3",2006-02-21,אוטוטרוניקה,מרום נועה,,"תשפ""ב",גבע בנימין,מכינה,
מרים,סעדה,"י""ב 1",2004-08-26,מחשבים,אלוני גדי,,"תשפ""ב",ירושלים,,מלגה
אסף,עטיה,"י""ב 1",2001-01-13,מחשבים,,זכר,"תשפ""א",ירושלים,,מסתדר כרגע
נור,כהן,"י""ב 3",2000-06-24,אוטוטרוניקה,אלוני גדי,נקבה,"תשפ""ב",בית שמש,,
רן,אשכנזי,"י""ב 3",2004-11-16,אוטוטרוניקה,אמסלם ציפי,זכר,"תשפ""א",ירושלים,,מלגה
חסן,סעדה,"י""ב 1",2005-07-26,מחשבים,הלוי רונן,זכר,,ירושלים,עובד,תעסוקה
ליאור,אשכנזי,"י""ב 2",2000-11-11,עיצוב שיער,נחמיאס דוד,,,ירושלים,,
גיא,פרץ,"י""ב 3",2007-04-03,מחשבים,,זכר,"תש""ף",מבשרת ציון,,
אור,נחום,"י""ב 1",2004-08-17,מחשבים,נחמיאס דוד,נקבה,"תשפ""ד",,,מסתדר כרגע
ליאור,לוי,"י""ב 1",2002-05-25,אוטוטרוניקה,הלוי רונן,נקבה,"תשע""ט",ירושלים,,מסתדר כרגע
אחמד,אוחיון,"י""ב 2",2003-03-06,אוטוטרוניקה,ברזילי אורית,זכר,"תשפ""ד",צור הדסה,חייל,עזרה כלכלית
גיא,מלכה,"י""ב 1",2006-07-14,עיצוב שיער,ברזילי אורית,זכר,"תשפ""ה",ירושלים,,
אור,עבד אלחק,"י""ב 1",2000-09-15,אוטוטרוניקה,אמסלם ציפי,נקבה,"תש""ף",בית שמש,,
תמר,עמר,"י""ב 2",2000-12-22,אוטוטרוניקה,שגב מיכל,נקבה,"תש""ף",,,מסתדר כרגע
שחר,סבג,"י""ב 1",2005-04-05,עיצוב שיער,ברזילי אורית,זכר,"תשפ""א",ירושלים,עובד,
יונתן,ביטון,"י""ב 3",2006-04-26,אוטוטרוניקה,הלוי רונן,זכר,"תשפ""א",ירושלים,,
נדב,אלבז,"י""ב 1",2005-02-12,מחשבים,קרן יואב,זכר,"תשפ""א",בית שמש,עובד,
עומר,ברק,"י""ב 2",2004-11-20,,הלוי רונן,זכר,"תשע""ט",,,
יובל,לוי,"י""ב 3",2003-05-05,מחשבים,ברזילי אורית,זכר,"תשפ""א",בית שמש,עובד,
ליאור,מנסור,"י""ב 2",2006-12-20,עיצוב שיער,הלוי רונן,זכר,"תש""ף",ירושלים,,
רוני,כהן,"י""ב 3",2004-10-18,אוטוטרוניקה,קרן יואב,נקבה,"תש""ף",נוקדים,,
נתנאל,אברהם,"י""ב 2",2002-08-27,עיצוב שיער,בן חיים שרית,זכר,"תשפ""ד",תקוע,מכינה,
יובל,סרסור,"י""ב 3",2005-05-04,,ברזילי אורית,זכר,"תשפ""ב",ירושלים,,מלגה
דניאל,פרץ,"י""ב 3",2006-12-27,אוטוטרוניקה,,זכר,"תשפ""א",ירושלים,,מסתדר כרגע
אלון,סבג,"י""ב 3",2006-08-17,מחשבים,נחמיאס דוד,זכר,,ירושלים,,
מתן,אגבאריה,"י""ב 3",2000-07-14,עיצוב שיער,ברזילי אורית,זכר,"תשפ""ג",גבע בנימין,,מסתדר כרגע
מרים,חדד,"י""ב 1",2003-04-16,אוטוטרוניקה,קרן יואב,נקבה,,ורד יריחו,,מלגה
אחמד,זכריה,"י""ב 3",2007-04-23,אוטוטרוניקה,ברזילי אורית,זכר,"תשע""ט",גבע בנימין,,
אלעד,חטיב,"י""ב 2",2002-01-03,עיצוב שיער,,זכר,"תשפ""א",,,
שי,אלבז,"י""ב 3",2001-02-24,אוטוטרוניקה,אמסלם ציפי,זכר,"תשפ""א",,עובד,
אור,מזרחי,"י""ב 2",2003-03-16,עיצוב שיער,אמסלם ציפי,נקבה,"תשפ""א",,,
אביגיל,פרידמן,"י""ב 1",2006-02-25,מחשבים,נחמיאס דוד,נקבה,"תש""ף",ירושלים,עובד,הכשרה תעסוקתית
רן,מנסור,"י""ב 3",2006-12-09,עיצוב שיער,מרום נועה,זכר,"תש""ף",ירושלים,,
טל,נחום,"י""ב 2",2001-05-17,מחשבים,,נקבה,"תשפ""ג",מעלה אדומים,,
עמית,עבד אלחק,"י""ב 1",2006-08-02,מלונאות,ברזילי אורית,זכר,"תש""ף",ירושלים,,
רותם,לוי,"י""ב 1",2000-01-23,מחשבים,מרום נועה,נקבה,,ירושלים,חייל,מלגה
רותם,סרסור,"י""ב 2",2005-05-12,אוטוטרוניקה,אמסלם ציפי,נקבה,"תשפ""א",ירושלים,,
הראל,דהן,"י""ב 1",2004-04-22,מחשבים,בן חיים שרית,זכר,"תשפ""ג",בית שמש,,מלגה
אורי,שפירא,"י""ב 2",2000-05-25,עיצוב שיער,הלוי רונן,זכר,"תשפ""ה",ירושלים,עובד,
בר,ברק,"י""ב 3",2002-09-09,מלונאות,,זכר,"תשפ""א",ירושלים,עובד,
יובל,עבד אלחק,"י""ב 3",2003-08-03,מחשבים,,,,ירושלים,עובד,
נדב,מלכה,"י""ב 3",2001-10-07,אוטוטרוניקה,אמסלם ציפי,זכר,"תשפ""ד",מעלה אדומים,,
אמל,עמר,"י""ב 1",2002-11-22,אוטוטרוניקה,שגב מיכל,,"תשפ""ה",ירושלים,,
אורי,אזולאי,"י""ב 1",2006-06-15,אוטוטרוניקה,בן חיים שרית,זכר,"תשפ""ג",ירושלים,חייל,
מתן,עבד אלחק,"י""ב 1",2006-01-21,אוטוטרוניקה,הלוי רונן,זכר,"תשפ""ג",בת עין,עובד,
מאיה,פרץ,"י""ב 1",2001-07-19,מחשבים,קרן יואב,נקבה,"תשפ""ה",,,
ריהאם,מלכה,"י""ב 2",2002-08-07,עיצוב שיער,,נקבה,"תשע""ט",ירושלים,,
מוחמד,עטיה,"י""ב 1",2003-09-03,מערכות חשמל ואלקטרוניקה ברכב,שגב מיכל,זכר,"תשפ""ד",רוויה,,
רועי,טל,"י""ב 3",2003-08-10,אוטוטרוניקה,שביט איתן,זכר,"תשפ""ב",ירושלים,,מסתדר כרגע
יוסף,טל,"י""ב 3",2003-03-03,אוטוטרוניקה,שביט איתן,זכר,"תשפ""ג",גבע בנימין,עובד,מסתדר כרגע
שי,גבאי,"י""ב 2",2004-04-03,מחשבים,הלוי רונן,זכר,,ירושלים,,מסתדר כרגע
שחר,לוי,"י""ב 3",2004-07-13,מחשבים,קרן יואב,זכר,,ירושלים,,
אלון,לוי,"י""ב 3",2003-04-07,מלונאות,,,"תשפ""ב",ירושלים,חייל,
אביב,אזולאי,"י""ב 2",2005-05-21,עיצוב שיער,אלוני גדי,זכר,"תשפ""ב",ירושלים,חייל,
יובל,סלומון,"י""ב 3",2003-07-01,עיצוב שיער,נחמיאס דוד,זכר,"תשע""ט",,,
הדס,דהן,"י""ב 2",2000-05-20,מלונאות,נחמיאס דוד,,,ירושלים,חייל,
אלעד,ברק,"י""ב 1",2006-08-18,עיצוב שיער,מרום נועה,זכר,"תשפ""ה",ירושלים,,
רועי,אוחיון,"י""ב 2",2006-01-12,מחשבים,אלוני גדי,זכר,"תשפ""ג",ירושלים,עובד,מסתדר כרגע
עידו,עטיה,"י""ב 3",2005-12-25,אוטוטרוניקה,בן חיים שרית,זכר,"תשפ""ה",ירושלים,,מסתדר כרגע
ניצן,נסראללה,"י""ב 2",2005-08-20,מחשבים,ברזילי אורית,נקבה,"תשפ""א",ירושלים,עובד,
שחר,סבג,"י""ב 3",2006-09-18,,שגב מיכל,זכר,"תשפ""ה",יבנאל,,מסתדר כרגע
סאמר,סלומון,"י""ב 3",2006-09-16,מחשבים,,,"תשפ""ב",,חייל,
מאהר,זועבי,"י""ב 1",2007-10-24,עיצוב שיער,נחמיאס דוד,זכר,"תשפ""א",ירושלים,,מלגה
רועי,מנסור,"י""ב 3",2004-06-27,מחשבים,שגב מיכל,זכר,"תש""ף",תקוע 90908,עובד,
טל,אברהם,"י""ב 2",2001-02-24,מחשבים,אמסלם ציפי,נקבה,"תשפ""ג",ירושלים,,מסתדר כרגע
דניאל,מנסור,"י""ב 2",2000-01-09,עיצוב שיער,קרן יואב,זכר,"תשפ""ה",קרית יערים,,
ליאור,פרידמן,"י""ב 3",2002-06-27,אוטוטרוניקה,הלוי רונן,זכר,"תשפ""ד",,,
דניאל,חדד,"י""ב 2",2007-07-03,מחשבים,מרום נועה,זכר,"תשע""ט",ירושלים,,מלגה
בר,סבג,"י""ב 3",2001-07-10,אוטוטרוניקה,קרן יואב,זכר,"תשפ""ב",בית שמש,חייל,תעסוקה
ניצן,חיים,"י""ב 1",2005-04-05,מחשבים,,נקבה,,ירושלים,מכינה,עזרה כלכלית
אסף,אוחיון,"י""ב 3",2000-07-19,תחזוקת מחשבים אישיים ורשתות תקשורת,מרום נועה,זכר,"תשפ""ד",בת עין,עובד,
עדי,פרידמן,"י""ב 3",2005-10-07,עיצוב שיער,שביט איתן,נקבה,"תשפ""א",ירושלים,,
חסן,דוד,"י""ב 1",2005-06-07,מחשבים,קרן יואב,זכר,"תשפ""ה",,,מלגה
יהונתן,מזרחי,"י""ב 1",2003-05-18,מחשבים,קרן יואב,זכר,"תשפ""ג",בית שמש,עובד,
נועם,אזולאי,"י""ב 1",2005-07-15,אוטוטרוניקה,שביט איתן,זכר,"תש""ף",אפרתה,,
מאהר,סרסור,"י""ב 2",2006-02-09,אוטוטרוניקה,שביט איתן,זכר,"תשפ""ה",,עובד,מסתדר כרגע
דניאל,אשכנזי,"י""ב 3",2003-02-06,אוטוטרוניקה,נחמיאס דוד,,,,,מסתדר כרגע
תמר,שפירא,"י""ב 2",2006-03-03,מחשבים,שביט איתן,נקבה,"תשע""ט",ירושלים,,
שחר,סרסור,"י""ב 1",2000-08-13,מחשבים,,זכר,"תשע""ט",ירושלים,,
נועם,חדד,"י""ב 1",2000-08-01,אוטוטרוניקה,קרן יואב,זכר,"תשע""ט",ירושלים,,
נור,סבג,"י""ב 2",2007-01-31,מלונאות,שביט איתן,נקבה,"תשפ""א",ירושלים,,מסתדר כרגע
יוסף,עמר,"י""ב 3",2001-12-19,אוטוטרוניקה,קרן יואב,זכר,"תשפ""ג",,,מסתדר כרגע
אלעד,ברק,"י""ב 3",2007-11-01,אוטוטרוניקה,נחמיאס דוד,זכר,"תש""ף",מעלה אדומים,,מסתדר כרגע
סאמר,דוד,"י""ב 1",2003-12-12,מלונאות,שגב מיכל,זכר,,ירושלים,,
אביב,דוד,"י""ב 1",2000-03-10,מחשבים,שגב מיכל,זכר,"תשפ""ד",ירושלים,,
דניאל,זועבי,"י""ב 3",2002-04-22,אוטוטרוניקה,שגב מיכל,זכר,"תשע""ט",ירושלים,,
חסן,אוחיון,"י""ב 2",2001-02-02,תחזוקת מחשבים אישיים ורשתות תקשורת,אלוני גדי,זכר,"תשפ""א",זנוח,בעל עסק,מלגה
עידו,אברהם,"י""ב 1",2001-04-13,אוטוטרוניקה,שביט איתן,זכר,,ירושלים,לפני צבא,
נועה,חדד,"י""ב 3",2007-10-07,עיצוב שיער,מרום נועה,נקבה,"תשפ""ג",קרית ארבע,עובד,
אדם,זועבי,"י""ב 1",2004-05-06,עיצוב שיער,קרן יואב,,"תשפ""ה",,,מלגה
אלה,אברהם,"י""ב 3",2001-10-16,אוטוטרוניקה,קרן יואב,נקבה,"תשפ""ג",ירושלים,,
מאיה,מלכה,"י""ב 3",2000-11-21,אוטוטרוניקה,בן חיים שרית,נקבה,"תשפ""א",ירושלים,,
רן,ברק,"י""ב 2",2005-05-26,מחשבים,קרן יואב,זכר,"תשע""ט",,,מסתדר כרגע
נועם,נסראללה,"י""ב 3",2007-10-21,תחזוקת מחשבים אישיים ורשתות תקשורת,בן חיים שרית,זכר,"תשפ""א",ירושלים,,
איתי,ביטון,"י""ב 1",2006-02-27,עיצוב שיער,ברזילי אורית,זכר,"תשפ""ב",,חייל,
אדם,חדד,"י""ב 1",2004-02-09,מחשבים,אמסלם ציפי,זכר,"תש""ף",גבע בנימין,חייל,מסתדר כרגע
חסן,עבד אלחק,"י""ב 2",2001-05-14,אוטוטרוניקה,בן חיים שרית,זכר,,גבעת זאב,חייל,
נועם,סעדה,"י""ב 3",2004-11-01,מחשבים,בן חיים שרית,זכר,"תשפ""ב",ירושלים,,
אסף,שפירא,"י""ב 1",2001-11-17,עיצוב שיער,שביט איתן,,"תשפ""ה",ירושלים,עובד,מלגה
מוחמד,דוד,"י""ב 1",2001-10-02,אוטוטרוניקה,,,"תשפ""ג",ירושלים,,מסתדר כרגע
גיא,אשכנזי,"י""ב 3",2000-07-26,מחשבים,אמסלם ציפי,זכר,,ירושלים,,מלגה
תמר,אשכנזי,"י""ב 3",2003-09-15,תחזוקת מחשבים אישיים ורשתות תקשורת,שביט איתן,נקבה,"תשפ""ה",כוכב יעקב,,מלגה
שירה,עבד אלחק,"י""ב 3",2007-10-27,מחשבים,שגב מיכל,נקבה,"תש""ף",ירושלים,,
אחמד,עבד אלחק,"י""ב 3",2001-09-26,עיצוב שיער,שגב מיכל,זכר,"תש""ף",גבע בנימין,,תעסוקה
נועה,זועבי,"י""ב 3",2002-11-17,מחשבים,ברזילי אורית,,"תשע""ט",יבנאל,,מלגה
דועא,דוד,"י""ב 3",2001-12-14,מחשבים,הלוי רונן,נקבה,"תשפ""ה",בית שמש,עובד,מסתדר כרגע
כרים,סרסור,"י""ב 1",2006-09-14,אוטוטרוניקה,ברזילי אורית,זכר,"תשע""ט",גבע בנימין,עובד,מלגה
יוסף,בן דוד,"י""ב 2",2000-10-19,מחשבים,אלוני גדי,זכר,"תשפ""ג",,עובד,מסתדר כרגע
אלון,אלבז,"י""ב 2",2001-07-04,אוטוטרוניקה,נחמיאס דוד,זכר,"תשפ""ה",,,תעסוקה
דניאל,שרעבי,"י""ב 3",2000-02-11,,מרום נועה,זכר,"תשפ""ד",ירושלים,,
יובל,נחום,"י""ב 2",2007-11-26,מחשבים,הלוי רונן,נקבה,"תש""ף",,,
הילה,ביטון,"י""ב 2",2003-01-11,אוטוטרוניקה,,נקבה,"תשע""ט",נוקדים,,
מוחמד,כהן,"י""ב 3",2005-06-04,תחזוקת מחשבים אישיים ורשתות תקשורת,ברזילי אורית,זכר,"תשע""ט",ירושלים,,
יונתן,סרסור,"י""ב 1",2002-04-01,מחשבים,בן חיים שרית,זכר,,ירושלים,חייל,
אדם,סעדה,"י""ב 1",2007-05-22,תחזוקת מחשבים אישיים ורשתות תקשורת,שביט איתן,זכר,"תש""ף",ירושלים,,
יונתן,סלומון,"י""ב 3",2007-02-27,מחשבים,אלוני גדי,זכר,"תשפ""ה",בית שמש,עובד,
אורי,זכריה,"י""ב 2",2004-01-04,אוטוטרוניקה,הלוי רונן,,"תשפ""ג",ירושלים,,מסתדר כרגע
נדב,דוד,"י""ב 2",2002-12-03,עיצוב שיער,אלוני גדי,,"תש""ף",ירושלים,עובד,מסתדר כרגע
אביב,עמר,"י""ב 3",2002-06-30,עיצוב שיער,שביט איתן,זכר,"תשפ""ד",ירושלים,חייל,
יוסף,טל,"י""ב 2",2001-08-14,עיצוב שיער,קרן יואב,זכר,"תש""ף",,,
אחמד,אגבאריה,"י""ב 1",2001-05-26,תחזוקת מחשבים אישיים ורשתות תקשורת,אמסלם ציפי,זכר,"תשפ""ב",גבעת זאב,לימודים,מסתדר כרגע
מיכל,גבאי,"י""ב 3",2000-09-02,אוטוטרוניקה,בן חיים שרית,נקבה,"תשע""ט",ירושלים,,
גיא,דהן,"י""ב 2",2000-02-22,אוטוטרוניקה,שביט איתן,זכר,"תשפ""ב",,,
יהונתן,טל,"י""ב 1",2003-05-06,עיצוב שיער,קרן יואב,זכר,"תשע""ט",,,
עומר,סלומון,"י""ב 3",2006-10-02,אוטוטרוניקה,שגב מיכל,זכר,"תשפ""ה",גבע בנימין,,מלגה
שי,רוזן,"י""ב 2",2001-11-27,עיצוב שיער,נחמיאס דוד,זכר,"תשע""ט",בית שמש,חייל,
מאהר,חיים,"י""ב 1",2005-02-18,מחשבים,שגב מיכל,זכר,"תשפ""ג",ירושלים,,
יוסף,אוחיון,"י""ב 3",2006-09-15,אוטוטרוניקה,נחמיאס דוד,זכר,"תשפ""ד",,,
אסף,לוי,"י""ב 2",2006-04-08,אוטוטרוניקה,ברזילי אורית,,"תשפ""ד",ירושלים,,מסתדר כרגע
אלון,מזרחי,"י""ב 3",2004-04-12,עיצוב שיער,מרום נועה,זכר,"תשפ""ד",,,
גיא,מנסור,"י""ב 1",2001-06-11,עיצוב שיער,שגב מיכל,זכר,"תשע""ט",בית שמש,עובד,עזרה כלכלית
אלון,קדוש,"י""ב 3",2000-05-02,אוטוטרוניקה,הלוי רונן,זכר,"תש""ף",ירושלים,עובד,
טל,ברק,"י""ב 3",2000-08-17,עיצוב שיער,נחמיאס דוד,,"תשע""ט",,חייל,מסתדר כרגע
מאהר,פרץ,"י""ב 3",2002-02-06,מחשבים,אלוני גדי,זכר,,,,
אביב,סלומון,"י""ב 1",2005-02-18,עיצוב שיער,נחמיאס דוד,זכר,"תש""ף",ירושלים,,תעסוקה
אחמד,זכריה,"י""ב 1",2006-01-10,אוטוטרוניקה,,זכר,"תשפ""א",ירושלים,,מסתדר כרגע
יוסף,מלכה,"י""ב 2",2001-06-30,עיצוב שיער,,זכר,"תשפ""ג",,מכינה,
שחר,ברק,"י""ב 2",2006-09-14,מחשבים,שביט איתן,זכר,,בית שמש,,מסתדר כרגע
יהונתן,סלומון,"י""ב 3",2007-12-23,אוטוטרוניקה,נחמיאס דוד,זכר,"תשפ""ד",גבע בנימין,,
ריהאם,אברהם,"י""ב 2",2005-03-01,מחשבים,בן חיים שרית,נקבה,"תשפ""ה",נוקדים,,מלגה
אורי,נסראללה,"י""ב 3",2006-09-27,עיצוב שיער,אלוני גדי,זכר,"תשע""ט",ירושלים,,
אלון,אוחיון,"י""ב 1",2004-04-05,עיצוב שיער,אלוני גדי,זכר,"תשפ""א",ירושלים,,
מתן,מלכה,"י""ב 2",2004-12-01,,מרום נועה,זכר,"תשפ""ד",ירושלים,,
עומר,פרידמן,"י""ב 1",2001-03-19,מחשבים,הלוי רונן,זכר,"תשפ""ב",בית שמש,עובד,
עמית,מזרחי,"י""ב 2",2007-09-05,מחשבים,מרום נועה,זכר,"תשפ""ד",ירושלים,חייל,
תמר,ברק,"י""ב 2",2000-10-18,אוטוטרוניקה,ברזילי אורית,נקבה,,ירושלים,,מסתדר כרגע
כרים,קדוש,"י""ב 2",2003-04-14,מחשבים,אמסלם ציפי,זכר,"תשפ""ד",אפרתה,,מסתדר כרגע
תומר,שרעבי,"י""ב 3",2006-11-04,אוטוטרוניקה,הלוי רונן,זכר,"תשפ""ד",,עובד,
מוחמד,דוד,"י""ב 3",2005-05-08,עיצוב שיער,שגב מיכל,זכר,"תשפ""ב",ירושלים,,
רן,אשכנזי,"י""ב 3",2002-10-26,אוטוטרוניקה,,זכר,"תשפ""ד",ירושלים,,
ספיר,מלכה,"י""ב 1",2007-05-21,אוטוטרוניקה,,,"תשע""ט",ירושלים,חייל,
יובל,אשכנזי,"י""ב 3",2007-02-17,תחזוקת מחשבים אישיים ורשתות תקשורת,נחמיאס דוד,זכר,"תשפ""ג",,,עזרה כלכלית
הילה,סעדה,"י""ב 2",2005-05-12,מחשבים,אמסלם ציפי,נקבה,"תש""ף",בית שמש,חייל,
ליאור,סעדה,"י""ב 1",2001-09-07,אוטוטרוניקה,שגב מיכל,,,ירושלים,,
אלעד,עבד אלחק,"י""ב 1",2007-09-13,עיצוב שיער,אלוני גדי,זכר,"תשפ""א",ירושלים,,מלגה
יוסף,זועבי,"י""ב 1",2003-07-18,אוטוטרוניקה,קרן יואב,זכר,"תש""ף",צור הדסה,,עזרה כלכלית
נועה,סרסור,"י""ב 3",2007-08-07,אוטוטרוניקה,,נקבה,"תשפ""ד",מבשרת ציון,לימודים,
יונתן,אגבאריה,"י""ב 2",2007-10-06,אוטוטרוניקה,מרום נועה,זכר,"תשפ""א",,חייל,מסתדר כרגע
יהונתן,דוד,"י""ב 2",2003-12-05,מחשבים,שגב מיכל,זכר,"תשפ""ג",ירושלים,,
ליאור,בן דוד,"י""ב 2",2004-02-04,עיצוב שיער,קרן יואב,זכר,"תשפ""א",ירושלים,עובד,מסתדר כרגע
יוסף,שרעבי,"י""ב 3",2004-12-31,עיצוב שיער,,זכר,"תשפ""ד",,,
מוחמד,קדוש,"י""ב 1",2005-07-02,עיצוב שיער,שביט איתן,זכר,"תש""ף",ירושלים,חייל,מסתדר כרגע
יהונתן,אברהם,"י""ב 2",2007-07-04,מחשבים,אמסלם ציפי,זכר,"תשפ""ב",ירושלים,,מסתדר כרגע
איתי,דהן,"י""ב 3",2005-11-22,עיצוב שיער,בן חיים שרית,,"תשפ""ה",ירושלים,עובד,תעסוקה
כרים,בן דוד,"י""ב 3",2007-10-08,מחשבים,אלוני גדי,זכר,"תשפ""ד",ירושלים,,מלגה
עידו,חדד,"י""ב 3",2006-03-21,עיצוב שיער,שביט איתן,,"תשפ""א",ירושלים,,
אדם,עטיה,"י""ב 3",2002-11-16,אוטוטרוניקה,,זכר,"תשפ""ה",מעלה אדומים,מכינה,
יובל,נחום,"י""ב 1",2004-12-19,מחשבים,מרום נועה,,"תשפ""ה",צור הדסה,עובד,מסתדר כרגע
ריהאם,פרידמן,"י""ב 3",2005-06-21,עיצוב שיער,שביט איתן,נקבה,"תשפ""ה",ירושלים,חייל,
שי,אזולאי,"י""ב 3",2003-10-12,אוטוטרוניקה,אלוני גדי,,"תשע""ט",,,מסתדר כרגע
אדם,אלבז,"י""ב 2",2002-12-05,תחזוקת מחשבים אישיים ורשתות תקשורת,קרן יואב,זכר,"תשפ""ה",גבע בנימין,,מלגה
כרים,טל,"י""ב 3",2004-08-25,עיצוב שיער,אמסלם ציפי,,"תשפ""א",ירושלים,,
מתן,סעדה,"י""ב 3",2003-10-05,אוטוטרוניקה,אמסלם ציפי,זכר,"תשפ""ד",ירושלים,,
אחמד,אלבז,"י""ב 3",2006-09-18,עיצוב שיער,שביט איתן,זכר,"תשפ""ג",,,
אלון,אלבז,"י""ב 1",2003-05-14,אוטוטרוניקה,שביט איתן,,,ירושלים,,
יונתן,סרסור,"י""ב 3",2004-03-20,אוטוטרוניקה,אלוני גדי,זכר,,,,
רועי,עטיה,"י""ב 1",2004-12-15,מחשבים,אלוני גדי,,"תשע""ט",ירושלים,חייל,
מיכל,כהן,"י""ב 2",2005-05-01,מחשבים,נחמיאס דוד,נקבה,"תשפ""ה",,חייל,הכשרה תעסוקתית
אריאל,דהן,"י""ב 2",2004-08-08,אוטוטרוניקה,בן חיים שרית,זכר,"תשפ""א",נוקדים,עובד,
נתנאל,פרידמן,"י""ב 2",2001-02-19,מחשבים,שגב מיכל,זכר,"תשפ""א",,,מלגה
יובל,חדד,"י""ב 2",2005-08-15,,מרום נועה,זכר,"תשפ""ג",ירושלים,,
נועם,עטיה,"י""ב 1",2006-08-20,מחשבים,נחמיאס דוד,זכר,"תשפ""א",ירושלים,,עזרה כלכלית
מרים,שרעבי,"י""ב 1",2001-09-20,אוטוטרוניקה,,נקבה,,ירושלים,,מסתדר כרגע
רן,חטיב,"י""ב 1",2001-10-02,אוטוטרוניקה,אמסלם ציפי,זכר,"תש""ף",,,
ליאור,אברהם,"י""ב 2",2006-03-07,עיצוב שיער,ברזילי אורית,נקבה,"תשפ""א",,,עזרה כלכלית
תומר,אלבז,"י""ב 1",2000-05-24,עיצוב שיער,,,,ירושלים,,
גיא,אזולאי,"י""ב 2",2002-05-17,אוטוטרוניקה,בן חיים שרית,זכר,"תשפ""ה",ירושלים,,מסתדר כרגע
יובל,סעדה,"י""ב 2",2002-10-16,מחשבים,הלוי רונן,זכר,"תשע""ט",גבע בנימין,,
ליאור,לוי,"י""ב 2",2006-06-20,עיצוב שיער,,נקבה,,גבעת זאב,,
תומר,פרידמן,"י""ב 2",2002-12-21,מחשבים,נחמיאס דוד,זכר,"תשפ""ג",נס הרים,,
בר,זועבי,"י""ב 3",2002-07-04,עיצוב שיער,אלוני גדי,זכר,"תש""ף",,עובד,מסתדר כרגע
אלה,אוחיון,"י""ב 1",2000-04-02,מערכות חשמל ואלקטרוניקה ברכב,מרום נועה,נקבה,"תשע""ט",ירושלים,,
ליאור,מזרחי,"י""ב 2",2004-12-19,אוטוטרוניקה,שגב מיכל,,"תשפ""ב",ירושלים,,
דניאל,מזרחי,"י""ב 1",2007-10-16,מחשבים,אלוני גדי,זכר,"תשפ""א",ירושלים,חייל,
שחר,שרעבי,"י""ב 3",2003-12-31,,קרן יואב,זכר,"תש""ף",ירושלים,חייל,מלגה
עומר,פרידמן,"י""ב 2",2002-10-15,מחשבים,,זכר,,ירושלים,,
אורי,שפירא,"י""ב 2",2000-10-19,אוטוטרוניקה,שביט איתן,זכר,"תשפ""א",ירושלים,,
עומר,עבד אלחק,"י""ב 3",2006-07-15,עיצוב שיער,ברזילי אורית,זכר,"תשפ""א",,,
מרים,שפירא,"י""ב 3",2004-03-13,מחשבים,בן חיים שרית,נקבה,,,,מלגה
מתן,זכריה,"י""ב 1",2006-10-17,עיצוב שיער,נחמיאס דוד,זכר,"תשפ""ה",גבעת זאב,,מסתדר כרגע
אור,חטיב,"י""ב 1",2001-03-27,אוטוטרוניקה,קרן יואב,נקבה,"תש""ף",ירושלים,,הכשרה תעסוקתית
הראל,סלומון,"י""ב 1",2001-02-06,אוטוטרוניקה,הלוי רונן,,"תשפ""ה",,,תעסוקה
ליאור,פרץ,"י""ב 1",2005-12-09,עיצוב שיער,אלוני גדי,זכר,"תשפ""ב",שורש,חייל,
כרים,סבג,"י""ב 1",2003-04-02,עיצוב שיער,בן חיים שרית,,"תשפ""ב",גבעתיים,,מסתדר כרגע
סאמר,עמר,"י""ב 2",2000-05-12,,קרן יואב,,"תשע""ט",ירושלים,עובד,
טל,מלכה,"י""ב 1",2004-12-08,עיצוב שיער,שגב מיכל,נקבה,"תשפ""ב",אדרת,חייל,
בר,ברק,"י""ב 2",2001-05-26,אוטוטרוניקה,אלוני גדי,זכר,"תשפ""א",ירושלים,,
רועי,אשכנזי,"י""ב 3",2003-09-06,מחשבים,ברזילי אורית,זכר,"תשפ""ג",ירושלים,מכינה,
מאהר,שרעבי,"י""ב 2",2002-07-22,עיצוב שיער,שביט איתן,זכר,"תשפ""ה",ירושלים,,מסתדר כרגע
רוני,רוזן,"י""ב 3",2000-08-27,מחשבים,מרום נועה,נקבה,"תשפ""א",בית שמש,מכינה,
אדם,סעדה,"י""ב 3",2006-10-04,עיצוב שיער,הלוי רונן,זכר,"תשפ""ד",,,
אביגיל,מנסור,"י""ב 2",2001-01-11,עיצוב שיער,,נקבה,"תש""ף",בר גיורא,,
יהונתן,אלבז,"י""ב 1",2006-02-01,אוטוטרוניקה,ברזילי אורית,זכר,"תשפ""ה",מעלה אדומים,,
אסף,שפירא,"י""ב 2",2000-09-23,מחשבים,מרום נועה,,"תשפ""ד",,,
רועי,זועבי,"י""ב 2",2007-10-12,עיצוב שיער,בן חיים שרית,,"תשפ""ב",,,
עומר,אשכנזי,"י""ב 1",2007-09-10,מחשבים,הלוי רונן,זכר,"תשע""ט",,לפני צבא,
יהונתן,מנסור,"י""ב 1",2007-01-04,אוטוטרוניקה,,זכר,"תשע""ט",מטע,עובד,
אורי,רוזן,"י""ב 1",1999-12-31,אוטוטרוניקה,מרום נועה,זכר,"תשע""ט",,עובד,
ספיר,לוי,"י""ב 3",2001-03-23,אוטוטרוניקה,הלוי רונן,נקבה,"תשע""ט",ירושלים,חייל,מסתדר כרגע
עלי,דוד,"י""ב 3",2001-05-13,עיצוב שיער,אמסלם ציפי,זכר,"תשפ""א",צור הדסה,,
שקד,אזולאי,"י""ב 1",2002-12-21,מחשבים,נחמיאס דוד,,,בית שמש,,
יובל,טל,"י""ב 1",2006-08-14,אוטוטרוניקה,,זכר,,ירושלים,עובד,מלגה
נועם,זועבי,"י""ב 1",2001-01-14,מחשבים,אמסלם ציפי,זכר,"תשפ""ב",ירושלים,חייל,
ליאור,סבג,"י""ב 1",2004-01-09,אוטוטרוניקה,שביט איתן,זכר,,ירושלים,עובד,
אדם,פרידמן,"י""ב 3",2003-04-27,עיצוב שיער,,זכר,,בית שמש,,מסתדר כרגע
איתי,שפירא,"י""ב 2",2001-09-18,אוטוטרוניקה,מרום נועה,זכר,,גבע בנימין,עובד,עזרה כלכלית
עומר,מנסור,"י""ב 1",2000-04-14,מחשבים,שגב מיכל,זכר,"תש""ף",,,
יובל,עטיה,"י""ב 1",2006-07-05,עיצוב שיער,שביט איתן,זכר,"תשפ""ג",צור הדסה,חייל,
ליאור,כהן,"י""ב 2",2000-01-11,מחשבים,ברזילי אורית,זכר,,ביתר עילית                     99879,,
עידו,חטיב,"י""ב 2",2004-01-08,מחשבים,בן חיים שרית,זכר,"תשפ""ד",ירושלים,חייל,מסתדר כרגע
רועי,לוי,"י""ב 1",2000-06-18,עיצוב שיער,שביט איתן,זכר,,בית שמש,,
תמר,דהן,"י""ב 2",2002-02-05,עיצוב שיער,הלוי רונן,,"תשפ""ה",ירושלים,,מסתדר כרגע
עלי,שפירא,"י""ב 3",2005-11-27,עיצוב שיער,אלוני גדי,זכר,"תש""ף",נוקדים                         9091600,,
דועא,חדד,"י""ב 2",2005-04-03,מחשבים,אלוני גדי,נקבה,"תשפ""ב",גבע בנימין,,מלגה
גיא,חטיב,"י""ב 1",2007-11-10,מחשבים,אמסלם ציפי,,"תשע""ט",ירושלים,עובד,
מתן,חטיב,"י""ב 3",2007-07-07,אוטוטרוניקה,בן חיים שרית,,"תשפ""ב",,עובד,
כרים,בן דוד,"י""ב 1",2001-09-24,אוטוטרוניקה,,,"תשפ""ג",צור הדסה,עובד,מלגה
סלמא,אוחיון,"י""ב 1",2003-05-11,עיצוב שיער,הלוי רונן,נקבה,"תש""ף",ירושלים,,
מתן,נחום,"י""ב 1",2003-04-18,עיצוב שיער,אמסלם ציפי,זכר,"תשפ""ב",ירושלים,,מסתדר כרגע
נועה,רוזן,"י""ב 2",2003-03-24,אוטוטרוניקה,אלוני גדי,נקבה,"תשפ""ג",ירושלים,,מסתדר כרגע
כרים,נחום,"י""ב 1",2005-01-20,,הלוי רונן,,,,עובד,עזרה כלכלית
סאמר,אגבאריה,"י""ב 3",2007-02-25,עיצוב שיער,אלוני גדי,זכר,"תשפ""ג",,חייל,
רן,ביטון,"י""ב 2",2003-07-08,אוטוטרוניקה,אלוני גדי,זכר,"תש""ף",גבע בנימין,,מסתדר כרגע
הראל,אשכנזי,"י""ב 2",2007-11-05,מחשבים,קרן יואב,,"תש""ף",נוקדים,,מלגה
נתנאל,גבאי,"י""ב 2",2006-01-05,מחשבים,,זכר,"תשפ""ב",ירושלים,,
יעל,טל,"י""ב 3",2006-03-18,אוטוטרוניקה,,נקבה,"תשפ""ג",ירושלים,,מסתדר כרגע
אביב,חיים,"י""ב 3",2006-02-06,עיצוב שיער,נחמיאס דוד,זכר,"תשע""ט",כפר האורנים,,
רותם,דהן,"י""ב 1",2006-02-20,מלונאות,שגב מיכל,נקבה,"תשע""ט",,חייל,
רותם,אגבאריה,"י""ב 1",2002-08-31,אוטוטרוניקה,מרום נועה,נקבה,"תש""ף",ירושלים,,
מוחמד,שפירא,"י""ב 3",2002-09-14,אוטוטרוניקה,,זכר,"תשע""ט",,חייל,
איתי,אשכנזי,"י""ב 3",2006-06-30,מחשבים,שביט איתן,זכר,"תשפ""ד",בית שמש,עובד,
יובל,אזולאי,"י""ב 2",2002-06-23,מלונאות,ברזילי אורית,זכר,,,עובד,
אורי,חטיב,"י""ב 3",2006-04-08,מחשבים,קרן יואב,,"תשפ""א",,,
יונתן,מנסור,"י""ב 1",2000-05-06,עיצוב שיער,אמסלם ציפי,זכר,"תשפ""ה",ירושלים,,
גיא,סרסור,"י""ב 2",2002-02-13,עיצוב שיער,,זכר,"תשפ""ה",מעלה אדומים,,
שחר,דהן,"י""ב 2",2006-06-17,מחשבים,הלוי רונן,זכר,"תשפ""ד",בית שמש,,
נועה,אזולאי,"י""ב 2",2000-06-05,עיצוב שיער,,נקבה,,ירושלים,,
דנה,חיים,"י""ב 2",2002-04-17,תחזוקת מחשבים אישיים ורשתות תקשורת,אלוני גדי,נקבה,"תשפ""ג",,עובד,מסתדר כרגע
כרים,כהן,"י""ב 1",2002-11-21,אוטוטרוניקה,אמסלם ציפי,זכר,"תש""ף",ירושלים,,
אמל,כהן,"י""ב 1",2005-11-12,עיצוב שיער,שגב מיכל,נקבה,"תשפ""ב",בית שמש,,מסתדר כרגע
אורי,דהן,"י""ב 2",2006-08-02,תחזוקת מחשבים אישיים ורשתות תקשורת,אלוני גדי,זכר,"תשפ""ב",ירושלים,חייל,
נועה,חיים,"י""ב 3",2000-09-03,עיצוב שיער,בן חיים שרית,נקבה,"תשפ""ה",בר גיורא,,
נתנאל,אלבז,"י""ב 3",2001-06-03,אוטוטרוניקה,,זכר,"תשפ""א",ירושלים,,הכשרה תעסוקתית
נועם,פרץ,"י""ב 2",2002-01-15,עיצוב שיער,הלוי רונן,זכר,"תשפ""ב",,,מלגה
יובל,עמר,"י""ב 1",2000-11-26,מחשבים,אלוני גדי,,"תש""ף",גבע בנימין,,תעסוקה
עומר,עבד אלחק,"י""ב 3",2006-05-25,מחשבים,אלוני גדי,זכר,"תשפ""א",ירושלים,,
יהונתן,דהן,"י""ב 1",2006-08-08,מחשבים,אמסלם ציפי,,"תשע""ט",ירושלים,מכינה,
רועי,מזרחי,"י""ב 1",2001-07-24,אוטוטרוניקה,קרן יואב,זכר,"תשע""ט",גבע בנימין,,מסתדר כרגע
אריאל,בן דוד,"י""ב 3",2001-08-27,אוטוטרוניקה,קרן יואב,זכר,"תשע""ט",ירושלים,עובד,
נדב,מזרחי,"י""ב 1",2006-09-08,אוטוטרוניקה,אמסלם ציפי,,"תשפ""ה",,,
מתן,מזרחי,"י""ב 1",2003-06-20,עיצוב שיער,שגב מיכל,זכר,"תשפ""ד",ירושלים,עובד,
איתי,סעדה,"י""ב 2",2004-04-08,עיצוב שיער,מרום נועה,זכר,"תשפ""ה",,,מסתדר כרגע
נועם,זועבי,"י""ב 3",2007-07-07,תחזוקת מחשבים אישיים ורשתות תקשורת,ברזילי אורית,,,ירושלים,,מסתדר כרגע
דועא,מלכה,"י""ב 1",2004-04-30,מחשבים,הלוי רונן,נקבה,"תשפ""ג",ירושלים,חייל,עזרה כלכלית
עמית,שפירא,"י""ב 1",2005-01-24,מחשבים,שגב מיכל,זכר,"תשפ""ד",ירושלים,,
בר,סרסור,"י""ב 3",2001-09-13,עיצוב שיער,הלוי רונן,זכר,"תשפ""ד",,לפני צבא,
שחר,אוחיון,"י""ב 3",2002-06-24,מחשבים,,,"תשפ""ד",ירושלים,חייל,
אלעד,עבד אלחק,"י""ב 1",2004-11-07,מחשבים,אמסלם ציפי,זכר,"תשפ""א",,,
מרים,זועבי,"י""ב 3",2004-04-01,אוטוטרוניקה,שגב מיכל,נקבה,"תשפ""ד",אודם                           90632,,
גיא,שרעבי,"י""ב 1",2002-11-18,עיצוב שיער,שגב מיכל,,"תשפ""ה",ירושלים,,
שי,זכריה,"י""ב 3",2002-01-04,עיצוב שיער,אלוני גדי,זכר,"תשע""ט",ירושלים,,תעסוקה
גיא,אברהם,"י""ב 2",2007-08-02,אוטוטרוניקה,הלוי רונן,זכר,"תשפ""א",ירושלים,,מסתדר כרגע
איתי,זועבי,"י""ב 2",2005-03-06,אוטוטרוניקה,אמסלם ציפי,זכר,"תשפ""ה",ירושלים,,מסתדר כרגע
נור,נחום,"י""ב 3",2000-09-20,מחשבים,ברזילי אורית,נקבה,,ירושלים,,
סאמר,ביטון,"י""ב 1",2003-02-04,עיצוב שיער,בן חיים שרית,,"תשפ""ה",בית שמש,,מלגה
מוחמד,דוד,"י""ב 1",2006-08-04,אוטוטרוניקה,בן חיים שרית,,"תש""ף",אפרתה,,מסתדר כרגע
רן,נסראללה,"י""ב 1",2005-03-12,אוטוטרוניקה,קרן יואב,זכר,"תשפ""ג",ירושלים,,מלגה
נדב,אשכנזי,"י""ב 1",2004-11-12,עיצוב שיער,אמסלם ציפי,זכר,"תשפ""א",צור הדסה,,
ניצן,ברק,"י""ב 2",2001-08-05,מחשבים,מרום נועה,נקבה,"תש""ף",ירושלים,חייל,
עמית,עמר,"י""ב 3",2003-10-20,מלונאות,מרום נועה,זכר,"תשפ""ב",ירושלים,,
אסף,לוי,"י""ב 2",2000-12-24,אוטוטרוניקה,שגב מיכל,זכר,"תשפ""ב",ירושלים,,מלגה
ליאור,עבד אלחק,"י""ב 1",2000-06-05,תחזוקת מחשבים אישיים ורשתות תקשורת,אמסלם ציפי,זכר,"תש""ף",,,
אלעד,שפירא,"י""ב 1",2004-02-18,מלונאות,בן חיים שרית,זכר,"תשפ""ה",,,תעסוקה
מוחמד,אזולאי,"י""ב 2",2006-08-10,,בן חיים שרית,זכר,"תשפ""ד",ירושלים,חייל,
אביגיל,סרסור,"י""ב 3",2004-05-26,מחשבים,אמסלם ציפי,נקבה,"תשפ""א",בית שמש,,
יונתן,אוחיון,"י""ב 2",2003-03-26,אוטוטרוניקה,קרן יואב,זכר,"תשפ""א",בית שמש,,
רועי,פרץ,"י""ב 3",2007-03-07,אוטוטרוניקה,שביט איתן,זכר,"תשפ""ג",ירושלים,,מסתדר כרגע
נדב,דהן,"י""ב 3",2002-05-10,מחשבים,הלוי רונן,זכר,"תשפ""ד",גבע בנימין,,
נתנאל,שרעבי,"י""ב 1",2007-04-24,מחשבים,,זכר,"תשפ""ה",קרית ארבע,עובד,מסתדר כרגע
יונתן,נסראללה,"י""ב 1",2003-07-23,אוטוטרוניקה,הלוי רונן,זכר,"תש""ף",ירושלים,,מסתדר כרגע
מתן,דהן,"י""ב 3",2000-03-27,אוטוטרוניקה,אמסלם ציפי,,"תשפ""ג",צור הדסה,עובד,מלגה
כרים,נחום,"י""ב 3",2001-09-21,מחשבים,מרום נועה,זכר,"תש""ף",ירושלים,חייל,
אריאל,מזרחי,"י""ב 3",2003-07-21,אוטוטרוניקה,אמסלם ציפי,זכר,,ירושלים,חייל,
אריאל,כהן,"י""ב 2",2002-07-13,אוטוטרוניקה,אמסלם ציפי,זכר,"תשפ""ב",ירושלים,עובד,מסתדר כרגע
נטע,אזולאי,"י""ב 1",2000-11-01,עיצוב שיער,,נקבה,"תשפ""ה",ירושלים,,מלגה
נדב,דהן,"י""ב 3",2000-11-02,אוטוטרוניקה,מרום נועה,זכר,"תשפ""ב",ירושלים,,
הראל,אוחיון,"י""ב 1",2007-05-01,עיצוב שיער,הלוי רונן,זכר,"תשע""ט",ירושלים,,
שי,דוד,"י""ב 1",2002-10-11,מלונאות,הלוי רונן,זכר,"תשפ""ה",,,
תמר,גבאי,"י""ב 1",2003-06-02,מחשבים,הלוי רונן,נקבה,"תשפ""ג",,,
דניאל,סלומון,"י""ב 3",2006-07-21,עיצוב שיער,אלוני גדי,זכר,,בית שמש,,מסתדר כרגע
חסן,חדד,"י""ב 2",2000-03-01,אוטוטרוניקה,שביט איתן,זכר,"תשפ""ג",תקוע,עובד,
אסף,אברהם,"י""ב 3",2006-12-01,אוטוטרוניקה,הלוי רונן,זכר,"תשפ""ג",ירושלים,עובד,מסתדר כרגע
ריהאם,דהן,"י""ב 1",2005-08-12,מחשבים,שגב מיכל,,"תשפ""א",,,מסתדר כרגע
הראל,בן דוד,"י""ב 3",2003-04-03,מחשבים,נחמיאס דוד,זכר,"תשפ""ב",בית שמש,,מסתדר כרגע
נור,עבד אלחק,"י""ב 2",2003-11-21,עיצוב שיער,הלוי רונן,נקבה,"תשפ""ג",בית שמש,,מסתדר כרגע
ליאור,סרסור,"י""ב 1",2003-04-20,מחשבים,הלוי רונן,,"תשפ""ה",,,
חסן,דוד,"י""ב 3",2006-10-06,,,זכר,"תשפ""א",ירושלים,חייל,
עלי,סרסור,"י""ב 3",2003-12-26,מחשבים,קרן יואב,,"תשפ""ד",תקוע,עובד,
הילה,חדד,"י""ב 3",2007-01-26,אוטוטרוניקה,נחמיאס דוד,נקבה,,ירושלים,,
אביב,זכריה,"י""ב 2",2006-02-08,עיצוב שיער,קרן יואב,,"תשפ""ד",בית שמש,,
דועא,שרעבי,"י""ב 2",2004-02-13,אוטוטרוניקה,,נקבה,"תשע""ט",ירושלים,,
אלון,טל,"י""ב 2",2005-02-13,אוטוטרוניקה,,זכר,"תשפ""ג",ירושלים,,תעסוקה
כרים,עטיה,"י""ב 1",2000-06-13,מחשבים,נחמיאס דוד,זכר,,ירושלים,,
אור,אוחיון,"י""ב 1",2003-10-23,אוטוטרוניקה,קרן יואב,נקבה,"תשפ""ד",ירושלים,חייל,מסתדר כרגע
בר,רוזן,"י""ב 1",2004-03-06,מחשבים,קרן יואב,,"תשע""ט",,חייל,הכשרה תעסוקתית
אחמד,חטיב,"י""ב 1",2001-10-06,מלונאות,אלוני גדי,זכר,,ירושלים,,
דניאל,שרעבי,"י""ב 1",2002-08-01,אוטוטרוניקה,,,"תשפ""ד",ירושלים,חייל,מסתדר כרגע