שם,שם משפחה,בית ספר,זכר - נקבה,שנת סיום,תאריך לידה,עיר,מגמה,תאריך גיוס,תאריך שחרור
מיכל,בן דוד,ירושלים בית הערבה,נקבה,"תש""ף",2003-06-02,מבשרת ציון,מערכות הספק פיקוד ובקרה,,
רועי,נסראללה,עכו מרום,זכר,"תשע""ח",2003-07-19,אבן ספיר,התמחות יישומי אוטו-טק,,2024-03-19
ליאור,דהן,ירושלים בית הערבה,נקבה,"תשפ""ג",2004-04-11,מעלה אדומים,יישומי עיצוב שיער וטיפוח החן,,
הילה,עמר,ירושלים בית הערבה,נקבה,"תשפ""ג",2006-05-11,הר אדר,מערכות הספק פיקוד ובקרה,,
נתנאל,חטיב,אורט אדיבי אשקלון,זכר,"תשע""ט",2001-07-06,גבעת זאב,יישומי עיצוב שיער וטיפוח החן,,
יובל,מנסור,ירושלים בית הערבה,נקבה,"תשפ""ד",2005-09-13,הר אדר,מחשבים,,
ניצן,שרעבי,אורט אדיבי אשקלון,נקבה,"תשע""ח",2005-10-07,ירושלים,עיצוב שיער,,
עמית,סעדה,עכו מרום,זכר,"תשפ""ה",2005-11-07,ירושלים,מחשבים,2020-03-31,
אור,טל,צור ברק,נקבה,"תשפ""ה",2003-11-21,ירושלים,התמחות יישומי אוטו-טק,,
עידו,מזרחי,ירושלים בית הערבה,זכר,"תש""ף",2007-01-15,הר אדר,,,
אורי,אברהם,מוצקין,זכר,"תש""ף",2005-01-13,מבשרת ציון,אוטוטרוניקה,,
נתנאל,אברהם,ירושלים בית הערבה,זכר,"תשפ""ה",2003-08-09,גבעת זאב,מערכות תיכון וייצר באמצעות מחשב,,
ריהאם,סעדה,אורט אדיבי אשקלון,נקבה,"תשפ""ג",2004-10-08,מבשרת ציון,,,
מוחמד,אשכנזי,ירושלים בית הערבה,זכר,"תשפ""ה",2000-09-24,מבשרת ציון,עיצוב שיער,,
בר,עטיה,עכו מרום,זכר,"תשפ""ג",2003-07-07,מעלה אדומים,אוטוטרוניקה,2024-11-06,
אחמד,מנסור,בית שאן,זכר,"תשע""ט",2006-06-15,גבעת זאב,אוטוטרוניקה,,
נדב,עטיה,מוצקין,זכר,"תשע""ט",2003-02-09,בית שמש,בישול מלונאי,,
אחמד,אשכנזי,עכו מרום,זכר,"תשפ""א",2005-09-20,מודיעין,עיצוב שיער,,
נתנאל,אוחיון,מוצקין,זכר,"תשפ""ג",2001-06-14,צור הדסה,תקשוב,2019-11-25,
שירה,זועבי,עכו מרום,נקבה,"תשפ""ה",2004-06-17,אבן ספיר,מחשבים,,
אביב,נחום,ירושלים בית הערבה,זכר,"תשע""ח",2003-04-27,,התמחות יישומי אוטו-טק,,
ריהאם,מנסור,אורט אדיבי אשקלון,נקבה,"תשפ""ה",2005-09-10,גבעת זאב,מחשבים,2019-06-21,
אחמד,פרידמן,אורט אדיבי אשקלון,זכר,"תשפ""ג",2005-06-06,מבשרת ציון,עיצוב,,
עידו,גבאי,עכו מרום,זכר,"תשע""ט",2001-02-17,אפרת,התמחות יישומי אוטו-טק,,
שי,זועבי,בית שאן,זכר,"תשפ""ה",2006-04-07,אפרת,,,
רוני,רוזן,אורט אדיבי אשקלון,נקבה,"תשפ""ד",2007-03-27,אפרת,יישומי עיצוב שיער וטיפוח החן,,
אריאל,אלבז,ירושלים בית הערבה,זכר,"תשפ""א",2004-02-11,גבע בנימין,התמחות יישומי אוטו-טק,,
יובל,עבד אלחק,אורט אדיבי אשקלון,זכר,"תשע""ח",2002-09-19,מבשרת ציון,מחשבים,,
עידו,דוד,אורט אדיבי אשקלון,זכר,"תשע""ט",2006-12-03,מבשרת ציון,אוטוטרוניקה,,
מרים,שפירא,עכו מרום,נקבה,"תשע""ח",2006-09-22,קרית יערים,,,
אביב,עבד אלחק,עכו מרום,זכר,"תש""ף",2005-07-16,ירושלים,מערכות הספק פיקוד ובקרה,,
אור,מלכה,ירושלים בית הערבה,נקבה,"תשפ""ג",2006-02-19,צור הדסה,מערכות הספק פיקוד ובקרה,,
תומר,אלבז,אורט אדיבי אשקלון,זכר,"תשע""ט",2005-02-26,מודיעין,אוטוטרוניקה,,
נועה,שפירא,ירושלים בית הערבה,נקבה,"תשפ""ג",2005-08-09,קרית יערים,תחזוקת מערכות מכניות,,
חסן,סבג,אורט אדיבי אשקלון,זכר,"תשפ""ב",2005-12-05,,תקשוב,,
עלי,מלכה,ירושלים בית הערבה,זכר,"תשפ""א",2006-12-07,,יישומי עיצוב שיער וטיפוח החן,,
אסף,מלכה,עכו מרום,זכר,"תשפ""א",2004-05-15,מעלה אדומים,,,
נועם,אגבאריה,ירושלים בית הערבה,זכר,"תשפ""ב",2007-05-26,אבן ספיר,,,
נור,אשכנזי,צור ברק,נקבה,"תשע""ט",2002-02-11,ירושלים,עיצוב שיער,,
אחמד,סרסור,עכו מרום,זכר,"תשפ""ד",2006-03-24,,בישול מלונאי,,
כרים,מלכה,ירושלים בית הערבה,זכר,"תשפ""ה",2006-04-04,צור הדסה,תחזוקת מערכות מכניות,,
מוחמד,סלומון,אורט אדיבי אשקלון,זכר,"תשפ""ה",2004-05-14,קרית יערים,תחזוקת מערכות מכניות,,
מאהר,אוחיון,מוצקין,זכר,"תשפ""א",2000-02-27,גבעת זאב,עיצוב,,
דניאל,פרידמן,עכו מרום,זכר,"תשפ""ב",2007-01-22,אבן ספיר,,2019-01-08,
אלעד,שפירא,עכו מרום,זכר,"תשפ""א",2000-08-21,מבשרת ציון,עיצוב שיער,,
עלי,זכריה,עכו מרום,זכר,"תש""ף",2005-12-05,בית שמש,תקשוב(חנמ),,
מרים,אזולאי,אורט אדיבי אשקלון,נקבה,"תשע""ח",2005-08-07,אפרת,תחזוקת מערכות מכניות,,
חסן,מזרחי,ירושלים בית הערבה,זכר,"תשפ""ד",2002-03-11,מעלה אדומים,אוטוטרוניקה,,
יוסף,מנסור,אורט אדיבי אשקלון,זכר,"תשע""ח",2006-08-11,,מחשבים,,
אריאל,אזולאי,ירושלים בית הערבה,זכר,"תשפ""א",2000-02-14,אפרת,אוטוטרוניקה,2025-03-12,
אחמד,אברהם,אורט אדיבי אשקלון,זכר,"תשפ""ב",2002-05-16,אפרת,אוטוטרוניקה,,
שי,מזרחי,אורט אדיבי אשקלון,זכר,"תשפ""ב",2006-09-26,ירושלים,,,
דניאל,חיים,עכו מרום,זכר,"תש""ף",2003-04-21,מבשרת ציון,עיצוב שיער,,
ליאור,סרסור,אורט אדיבי אשקלון,זכר,"תשפ""ב",2000-07-16,הר אדר,תקשוב(חנמ),,
מתן,אזולאי,ירושלים בית הערבה,זכר,"תשפ""ג",2003-02-04,מבשרת ציון,תחזוקת מערכות מכניות(חנמ),,
נתנאל,סבג,ירושלים בית הערבה,זכר,"תשפ""ד",2007-11-08,מודיעין,תקשוב,,
עלי,טל,אורט אדיבי אשקלון,זכר,"תשפ""ג",2000-09-05,מודיעין,עיצוב(חנמ),2025-01-25,
רותם,סעדה,עכו מרום,נקבה,"תשפ""ד",2005-07-25,גבעת זאב,התמחות יישומי אוטו-טק,,
סלמא,זכריה,עכו מרום,נקבה,"תשפ""ה",2005-02-17,ירושלים,אוטוטרוניקה,,
עמית,דהן,ירושלים בית הערבה,זכר,"תשפ""ה",2001-09-19,מודיעין,בישול מלונאי,,
חסן,כהן,אורט אדיבי אשקלון,זכר,"תשפ""ב",2005-03-07,מבשרת ציון,טכנולוגיות עץ ורהיטים,,
אדם,מנסור,ירושלים בית הערבה,זכר,"תשפ""ה",2003-02-23,ירושלים,,2025-10-01,
כרים,עטיה,אורט אדיבי אשקלון,זכר,"תשפ""ב",2005-08-19,ירושלים,בישול מלונאי,,
תומר,חטיב,בית שאן,זכר,"תשפ""ד",2002-08-22,גבע בנימין,עיצוב שיער,,
יהונתן,סבג,אורט אדיבי אשקלון,זכר,"תשפ""ב",2001-08-31,בית שמש,,,
מרים,מנסור,עכו מרום,נקבה,"תשפ""ה",2002-06-18,ירושלים,תקשוב,,
דניאל,דהן,ירושלים בית הערבה,זכר,"תשפ""ג",2003-06-14,צור הדסה,צירוף מקצועות,,
יהונתן,זועבי,עכו מרום,זכר,"תשפ""ד",2005-06-25,הר אדר,מחשבים,,
הראל,ביטון,עכו מרום,זכר,"תשפ""ג",2002-12-25,אפרת,תקשוב,2019-05-02,
ליאור,אשכנזי,עכו מרום,נקבה,"תשפ""ד",2002-05-15,ירושלים,אוטוטרוניקה,,
חסן,שפירא,ירושלים בית הערבה,זכר,"תשפ""ג",2007-08-10,מעלה אדומים,,,
שחר,אזולאי,עכו מרום,זכר,"תשפ""ב",2005-06-30,גבע בנימין,מסגרות מבנים,,
ריהאם,עטיה,עכו מרום,נקבה,"תשפ""א",2000-12-19,אפרת,עיצוב,2025-03-10,
נועם,מזרחי,בית שאן,זכר,"תשפ""א",2005-02-04,אבן ספיר,תקשוב,2020-05-19,
אחמד,מלכה,עכו מרום,זכר,"תשפ""ד",2006-05-25,ירושלים,יישומי עיצוב שיער וטיפוח החן,,
נועם,לוי,ירושלים בית הערבה,זכר,"תשפ""ה",2002-02-08,,התמחות יישומי אוטו-טק,,
אביב,כהן,עכו מרום,זכר,"תשפ""ד",2000-04-02,בית שמש,,,
רן,אזולאי,צור ברק,זכר,"תשפ""ב",2004-06-11,מודיעין,מחשבים,,
נדב,בן דוד,ירושלים בית הערבה,זכר,"תשפ""ה",2004-10-26,מבשרת ציון,אוטוטרוניקה,,
עמית,סרסור,עכו מרום,זכר,"תשפ""ג",2004-03-12,אפרת,אוטוטרוניקה,,
אלעד,קדוש,ירושלים בית הערבה,זכר,"תשפ""ב",2003-11-09,אפרת,טכנולוגיות עץ ורהיטים,,
אלון,זכריה,ירושלים בית הערבה,זכר,"תשפ""ג",2005-07-16,בית שמש,יישומי עיצוב שיער וטיפוח החן,,
תומר,פרץ,בית שאן,זכר,"תשפ""ב",2002-04-24,מבשרת ציון,מחשבים,,
יוסף,חיים,ירושלים בית הערבה,זכר,"תשפ""ד",2004-03-08,,התמחות יישומי אוטו-טק,,
דועא,אברהם,אורט אדיבי אשקלון,נקבה,"תש""ף",2002-07-19,,התמחות יישומי אוטו-טק,,
ספיר,כהן,עכו מרום,נקבה,"תשפ""ב",2006-01-21,קרית יערים,תחזוקת מערכות מכניות,,
אדם,זכריה,מוצקין,זכר,"תשפ""ד",2002-02-09,קרית יערים,,,
נועה,אוחיון,ירושלים בית הערבה,נקבה,"תשפ""ג",2001-01-22,מבשרת ציון,מערכות תיכון וייצר באמצעות מחשב,,
נדב,דהן,בית שאן,זכר,"תשע""ט",2004-11-30,,התמחות יישומי אוטו-טק,,
עמית,אשכנזי,צור ברק,זכר,"תשפ""ג",2007-07-06,אבן ספיר,תקשוב(חנמ),,
בר,סבג,עכו מרום,זכר,"תשפ""ד",2001-11-26,אפרת,עיצוב שיער,,
אדם,רוזן,מוצקין,זכר,"תשפ""א",2002-02-09,צור הדסה,,,
מתן,אגבאריה,צור ברק,זכר,"תשפ""ב",2001-07-03,מבשרת ציון,,,
גיא,חטיב,עכו מרום,זכר,"תשפ""ה",2004-09-16,אפרת,מחשבים,2021-07-12,
רן,זכריה,ירושלים בית הערבה,זכר,"תש""ף",2004-07-11,ירושלים,תקשוב,2024-04-23,
תומר,סלומון,עכו מרום,זכר,"תשפ""ד",2007-11-22,בית שמש,תקשוב(חנמ),,
עידו,קדוש,ירושלים בית הערבה,זכר,"תשע""ט",2006-09-13,ירושלים,תקשוב,,
יובל,עבד אלחק,ירושלים בית הערבה,נקבה,"תשע""ט",2006-12-13,קרית יערים,מחשבים,,
עומר,אזולאי,עכו מרום,זכר,"תשפ""ג",2005-05-01,מעלה אדומים,עיצוב(חנמ),,
ליאור,אלבז,מוצקין,זכר,"תשפ""ג",2005-07-18,,,,
שקד,פרץ,אורט אדיבי אשקלון,נקבה,"תשפ""ד",2003-03-17,ירושלים,מלונאות,,
יובל,חדד,עכו מרום,זכר,"תשע""ט",2005-12-07,גבע בנימין,מחשבים,,
נועם,פרץ,אורט אדיבי אשקלון,זכר,"תשפ""א",2002-03-05,מעלה אדומים,תחזוקת מערכות מכניות(חנמ),,
הדס,נסראללה,אורט אדיבי אשקלון,נקבה,"תשפ""ה",2007-08-12,קרית יערים,התמחות יישומי אוטו-טק,,
עלי,רוזן,עכו מרום,זכר,"תשע""ט",2001-03-18,הר אדר,יישומי עיצוב שיער וטיפוח החן,,
סאמר,סבג,מוצקין,זכר,"תשפ""ה",2000-11-20,,אוטוטרוניקה,,
ליאור,זכריה,אורט אדיבי אשקלון,זכר,"תשפ""ג",2003-05-11,מבשרת ציון,מחשבים,,
כרים,ברק,מוצקין,זכר,"תשע""ט",2007-06-24,אפרת,,,
סאמר,עבד אלחק,אורט אדיבי אשקלון,זכר,"תשפ""ב",2004-08-23,ירושלים,,,
נתנאל,רוזן,בית שאן,זכר,"תשפ""ב",2006-01-10,,,,
טל,אגבאריה,אורט אדיבי אשקלון,נקבה,"תשע""ח",2005-09-09,גבעת זאב,עיצוב,2024-02-01,
אסף,שרעבי,עכו מרום,זכר,"תשפ""ד",2003-07-10,,אוטוטרוניקה,,
אביגיל,אלבז,בית שאן,נקבה,"תשפ""ב",2007-09-05,,תקשוב,,
אלעד,דהן,אורט אדיבי אשקלון,זכר,"תשע""ט",2001-04-10,גבעת זאב,מחשבים,,
ריהאם,דוד,עכו מרום,נקבה,,2006-12-16,גבע בנימין,התמחות יישומי אוטו-טק,,
נתנאל,רוזן,ירושלים בית הערבה,זכר,"תשפ""ג",2006-09-06,גבעת זאב,עיצוב(חנמ),,
הראל,זכריה,אורט אדיבי אשקלון,זכר,"תשפ""ב",2002-04-01,אבן ספיר,,,
רן,ברק,עכו מרום,זכר,"תשפ""ד",2004-07-14,ירושלים,מחשבים,,
חסן,זועבי,ירושלים בית הערבה,זכר,"תשפ""א",2004-08-06,ירושלים,,,
עומר,נסראללה,ירושלים בית הערבה,זכר,"תשפ""ד",2001-01-08,אבן ספיר,,,
נועם,חטיב,עכו מרום,זכר,"תשע""ט",2004-02-26,אפרת,תקשוב,,
אביב,בן דוד,אורט אדיבי אשקלון,זכר,"תש""ף",2004-11-15,בית שמש,תחזוקת מערכות מכניות,,
בר,סלומון,אורט אדיבי אשקלון,זכר,"תשפ""ה",2000-10-31,הר אדר,תחזוקת מערכות מכניות(חנמ),,
אדם,לוי,ירושלים בית הערבה,זכר,"תש""ף",2007-05-10,מבשרת ציון,עיצוב שיער,,
מיכל,חיים,ירושלים בית הערבה,,"תשפ""ד",2006-03-07,מודיעין,תחזוקת מערכות מכניות(חנמ),,
נטע,נסראללה,עכו מרום,נקבה,"תשפ""ד",2005-01-16,גבע בנימין,עיצוב,,
אמל,ביטון,בית שאן,נקבה,"תשע""ט",2001-01-14,הר אדר,תקשוב,,
הילה,לוי,עכו מרום,נקבה,"תשפ""ג",2002-06-01,בית שמש,מערכות תיכון וייצר באמצעות מחשב,,
הראל,אברהם,אורט אדיבי אשקלון,זכר,"תשפ""ה",2007-04-19,ירושלים,אוטוטרוניקה,,
מאיה,חדד,ירושלים בית הערבה,נקבה,"תשפ""ג",2000-02-13,ירושלים,,,
כרים,סעדה,בית שאן,זכר,"תשפ""ה",2007-04-20,גבעת זאב,עיצוב(חנמ),,
אלעד,פרידמן,עכו מרום,זכר,"תשפ""ד",2006-01-31,גבע בנימין,מערכות סיב````ם תיב````ם,,
ליאור,אברהם,אורט אדיבי אשקלון,נקבה,"תשפ""ד",2007-10-11,מודיעין,תחזוקת מערכות מכניות,,
יהונתן,דהן,מוצקין,זכר,"תשפ""א",2004-02-03,מעלה אדומים,בישול מלונאי,,
נועם,עמר,אורט אדיבי אשקלון,זכר,"תשפ""ד",2003-11-17,גבע בנימין,מחשבים,2020-01-10,
אלון,מזרחי,עכו מרום,זכר,"תשפ""ד",2004-01-09,ירושלים,מערכות סיב````ם תיב````ם,,
נדב,שרעבי,ירושלים בית הערבה,זכר,"תשע""ט",2002-01-25,הר אדר,,,
תומר,שפירא,אורט אדיבי אשקלון,זכר,"תשפ""ב",2006-07-04,גבעת זאב,בישול מלונאי,,
יהונתן,פרידמן,אורט אדיבי אשקלון,זכר,"תשע""ח",2006-06-05,אפרת,התמחות יישומי אוטו-טק,2022-06-03,
ליאור,אברהם,ירושלים בית הערבה,זכר,"תשפ""ה",2004-11-09,קרית יערים,עיצוב(חנמ),,
אביב,דוד,עכו מרום,זכר,"תשפ""ה",2007-08-09,הר אדר,עיצוב שיער,,
אביב,עבד אלחק,אורט אדיבי אשקלון,זכר,"תשפ""ג",2006-06-01,גבע בנימין,יישומי עיצוב שיער וטיפוח החן,,
יובל,זועבי,עכו מרום,זכר,"תש""ף",2006-12-31,גבע בנימין,מערכות סיב````ם תיב````ם,,
ליאור,מנסור,ירושלים בית הערבה,זכר,"תשפ""ה",2001-11-19,אבן ספיר,עיצוב,,
איתי,רוזן,ירושלים בית הערבה,זכר,"תשפ""ה",2003-08-09,אפרת,עיצוב שיער,,
הראל,חטיב,עכו מרום,זכר,"תשפ""ב",2001-12-03,מודיעין,התמחות יישומי אוטו-טק,,
גיא,מלכה,אורט אדיבי אשקלון,זכר,"תשפ""ג",2005-07-07,אפרת,עיצוב(חנמ),2023-10-02,
עומר,ביטון,מוצקין,זכר,"תשפ""ה",2007-05-19,מעלה אדומים,,,
אחמד,דהן,עכו מרום,זכר,"תשפ""ג",2002-12-18,אפרת,התמחות יישומי אוטו-טק(חנמ),,
נור,סבג,אורט אדיבי אשקלון,נקבה,"תשפ""א",2001-10-18,מעלה אדומים,התמחות יישומי אוטו-טק,,
יובל,עטיה,בית שאן,נקבה,"תשפ""ב",2006-09-14,קרית יערים,תקשוב,,
כרים,אגבאריה,מוצקין,זכר,"תשפ""ב",2005-09-27,הר אדר,עיצוב,,
נור,אוחיון,אורט אדיבי אשקלון,נקבה,"תשפ""ג",2005-05-10,מעלה אדומים,עיצוב שיער,,
הראל,טל,עכו מרום,זכר,"תשפ""ד",2001-03-13,מעלה אדומים,יישומי עיצוב שיער וטיפוח החן,,
יהונתן,זכריה,ירושלים בית הערבה,זכר,"תש""ף",2003-11-02,מודיעין,בישול מלונאי,,
גיא,אגבאריה,בית שאן,זכר,"תשפ""ה",2004-06-26,קרית יערים,,,
יעל,דהן,עכו מרום,נקבה,"תשפ""ד",2006-11-01,אבן ספיר,,,
שירה,שרעבי,ירושלים בית הערבה,נקבה,"תשפ""ב",2006-02-17,בית שמש,התמחות יישומי אוטו-טק,,
דניאל,אלבז,מוצקין,זכר,"תשע""ט",2001-06-19,מבשרת ציון,יישומי עיצוב שיער וטיפוח החן,,
מאהר,מזרחי,ירושלים בית הערבה,זכר,"תשפ""ב",2005-09-23,אפרת,מערכות הספק פיקוד ובקרה,,
רוני,כהן,עכו מרום,נקבה,"תש""ף",2006-12-03,מעלה אדומים,יישומי עיצוב שיער וטיפוח החן,,
מתן,אגבאריה,ירושלים בית הערבה,זכר,"תשפ""ב",2006-02-02,אבן ספיר,,,
אסף,דהן,עכו מרום,זכר,"תשפ""ב",2005-10-01,מודיעין,תחזוקת מערכות מכניות(חנמ),,
אלה,חטיב,אורט אדיבי אשקלון,נקבה,"תשפ""ב",2007-08-06,הר אדר,תקשוב,,
הילה,רוזן,ירושלים בית הערבה,נקבה,"תשפ""א",2006-10-12,אבן ספיר,תחזוקת מערכות מכניות,,
ריהאם,מלכה,אורט אדיבי אשקלון,נקבה,"תשפ""ג",2007-11-01,אבן ספיר,מחשבים,,
מאהר,רוזן,מוצקין,זכר,"תשפ""ד",2001-08-18,קרית יערים,,,
לינוי,שרעבי,עכו מרום,נקבה,"תשע""ח",2002-09-26,מעלה אדומים,עיצוב,,
ספיר,שפירא,עכו מרום,נקבה,"תש""ף",2002-12-25,מעלה אדומים,תחזוקת מערכות מכניות,,
אחמד,סלומון,אורט אדיבי אשקלון,זכר,"תשפ""א",2006-11-03,גבעת זאב,תחזוקת מערכות מכניות(חנמ),,
עדי,אוחיון,בית שאן,נקבה,"תשע""ט",2002-01-10,מבשרת ציון,אוטוטרוניקה,,
הראל,פרץ,מוצקין,זכר,"תשפ""ב",2007-11-30,אבן ספיר,,,
רן,מזרחי,עכו מרום,זכר,"תשפ""ב",2006-05-22,מודיעין,תחזוקת מערכות מכניות,,
סאמר,ביטון,בית שאן,זכר,"תשפ""ה",2000-05-31,מעלה אדומים,מלונאות,,
אביב,רוזן,ירושלים בית הערבה,זכר,"תשפ""ג",2000-01-22,גבע בנימין,עיצוב שיער,,
נדב,גבאי,ירושלים בית הערבה,זכר,"תשפ""ב",2001-03-08,מבשרת ציון,אוטוטרוניקה,,
גיא,מזרחי,אורט אדיבי אשקלון,זכר,"תשפ""ד",2007-10-07,אפרת,התמחות יישומי אוטו-טק,,
איתי,דוד,ירושלים בית הערבה,זכר,"תשפ""ד",2003-08-18,גבע בנימין,אוטוטרוניקה,,
טל,מלכה,אורט אדיבי אשקלון,נקבה,"תשפ""א",2000-10-10,מודיעין,יישומי עיצוב שיער וטיפוח החן,,
אור,רוזן,אורט אדיבי אשקלון,נקבה,"תשפ""א",2004-06-15,מבשרת ציון,תחזוקת מערכות מכניות(חנמ),,
נועם,נסראללה,אורט אדיבי אשקלון,זכר,"תשפ""ה",2004-02-06,בית שמש,אוטוטרוניקה,2021-12-09,
רועי,טל,ירושלים בית הערבה,זכר,"תשפ""ב",2000-05-05,גבעת זאב,אוטוטרוניקה,,
איתי,נסראללה,עכו מרום,זכר,"תשפ""ג",2000-01-24,אפרת,בישול מלונאי,2019-12-06,
כרים,חיים,בית שאן,זכר,"תש""ף",2006-07-15,ירושלים,מחשבים,,
גיא,סעדה,ירושלים בית הערבה,זכר,"תשפ""א",2001-06-10,,תחזוקת מערכות מכניות,,
לינוי,שפירא,אורט אדיבי אשקלון,נקבה,"תשפ""ד",2007-07-26,,מחשבים,,
סלמא,כהן,אורט אדיבי אשקלון,נקבה,"תשפ""ב",2004-03-19,,מערכות סיב````ם תיב````ם,,
אלון,חטיב,ירושלים בית הערבה,זכר,"תשפ""ד",2001-12-12,גבע בנימין,אוטוטרוניקה,,
עומר,שרעבי,ירושלים בית הערבה,זכר,"תשפ""ד",2003-08-10,קרית יערים,,,
עמית,ביטון,אורט אדיבי אשקלון,זכר,"תשפ""ד",2007-11-24,קרית יערים,תקשוב,,
מאהר,שרעבי,ירושלים בית הערבה,זכר,"תש""ף",2002-03-08,גבעת זאב,בישול מלונאי,,
יהונתן,מנסור,ירושלים בית הערבה,זכר,"תשפ""ב",2005-01-16,ירושלים,תקשוב,,
נתנאל,כהן,עכו מרום,זכר,"תשפ""ג",2004-08-14,מודיעין,אוטוטרוניקה,,
אורי,עבד אלחק,אורט אדיבי אשקלון,זכר,,2004-08-21,,אוטוטרוניקה,,
רוני,דוד,אורט אדיבי אשקלון,נקבה,"תשפ""ב",2001-06-21,אפרת,מערכות תיכון וייצר באמצעות מחשב,,
נטע,חיים,מוצקין,נקבה,"תשפ""ג",2004-12-08,אפרת,תחזוקת מערכות מכניות,,
בר,פרץ,אורט אדיבי אשקלון,זכר,"תשפ""ב",2002-09-14,גבעת זאב,עיצוב,,
ליאור,נחום,ירושלים בית הערבה,זכר,"תשפ""א",2006-09-30,מבשרת ציון,אוטוטרוניקה,,
בר,טל,צור ברק,זכר,"תשפ""ד",2005-02-18,אפרת,יישומי עיצוב שיער וטיפוח החן,,
כרים,דהן,עכו מרום,זכר,"תשפ""ד",2002-11-12,צור הדסה,מערכות סיב````ם תיב````ם,,
כרים,עטיה,עכו מרום,זכר,"תשפ""ב",2002-03-10,מבשרת ציון,תקשוב,,
אמל,ברק,ירושלים בית הערבה,נקבה,"תשפ""ה",2007-03-14,אבן ספיר,בישול מלונאי,,
עומר,בן דוד,ירושלים בית הערבה,זכר,"תשפ""ה",2007-02-18,אפרת,עיצוב שיער,,
שי,סרסור,ירושלים בית הערבה,זכר,"תשפ""א",2003-11-23,גבעת זאב,עיצוב(חנמ),,
אור,דהן,עכו מרום,נקבה,"תשפ""א",2004-12-01,בית שמש,עיצוב(חנמ),,
עדי,נחום,ירושלים בית הערבה,נקבה,"תשפ""ג",2006-09-26,גבע בנימין,תחזוקת מערכות מכניות(חנמ),,
אחמד,חטיב,אורט אדיבי אשקלון,זכר,"תשפ""א",2003-07-25,הר אדר,,,
עומר,חיים,עכו מרום,זכר,"תשפ""ה",,בית שמש,תחזוקת מערכות מכניות,,
סאמר,מזרחי,ירושלים בית הערבה,זכר,"תשפ""ה",2005-09-24,הר אדר,,,
מיכל,עמר,אורט אדיבי אשקלון,נקבה,"תשפ""ג",2001-11-01,הר אדר,בישול מלונאי,,
רוני,ביטון,עכו מרום,נקבה,"תשפ""ה",2001-03-17,הר אדר,תחזוקת מערכות מכניות(חנמ),2020-09-19,
שי,חדד,ירושלים בית הערבה,זכר,"תשפ""ג",2003-03-23,גבע בנימין,עיצוב שיער,,
שחר,סעדה,ירושלים בית הערבה,זכר,"תשפ""ה",2001-04-13,אפרת,תקשוב,,
בר,טל,מוצקין,זכר,"תשפ""א",2003-07-21,מבשרת ציון,עיצוב שיער,2020-08-26,
יעל,ברק,אורט אדיבי אשקלון,נקבה,"תשפ""ה",2006-10-19,אבן ספיר,תחזוקת מערכות מכניות,,
חסן,שפירא,עכו מרום,זכר,"תשפ""ד",2004-10-19,ירושלים,,2020-09-03,
אחמד,דהן,ירושלים בית הערבה,זכר,"תשפ""ד",2003-09-26,אפרת,תקשוב,,
דנה,בן דוד,מוצקין,נקבה,"תשפ""א",2006-04-14,,תחזוקת מערכות מכניות,,
מאיה,זועבי,עכו מרום,נקבה,"תש""ף",2004-08-09,אבן ספיר,עיצוב שיער,,
רוני,רוזן,אורט אדיבי אשקלון,נקבה,"תשע""ט",2003-10-15,,תקשוב(חנמ),,
רותם,פרץ,מוצקין,נקבה,"תשפ""ה",2002-04-24,מודיעין,מלונאות,2020-05-25,
יובל,מנסור,עכו מרום,זכר,"תש""ף",2006-03-16,מבשרת ציון,מחשבים,,
שחר,אגבאריה,ירושלים בית הערבה,זכר,,2007-10-21,הר אדר,,2019-11-01,
איתי,שפירא,ירושלים בית הערבה,זכר,"תשפ""ג",2003-12-24,גבע בנימין,אוטוטרוניקה,,
יהונתן,חטיב,עכו מרום,זכר,"תשפ""ב",2002-12-31,ירושלים,עיצוב שיער,2019-05-24,
יעל,סעדה,אורט אדיבי אשקלון,נקבה,"תשע""ח",2007-07-16,ירושלים,אוטוטרוניקה,,
איתי,סעדה,עכו מרום,זכר,"תש""ף",2000-02-20,גבע בנימין,תקשוב,,
תומר,חטיב,ירושלים בית הערבה,זכר,,2007-07-24,הר אדר,מערכות תיכון וייצר באמצעות מחשב,,
אמל,סעדה,אורט אדיבי אשקלון,נקבה,"תשפ""ה",2004-02-15,מבשרת ציון,עיצוב שיער,,
תומר,דוד,צור ברק,זכר,"תשפ""ב",2003-03-01,מעלה אדומים,,,
ספיר,אלבז,ירושלים בית הערבה,נקבה,"תשפ""ב",2000-08-06,מבשרת ציון,עיצוב שיער,,
יובל,בן דוד,מוצקין,נקבה,"תשפ""א",2001-02-25,קרית יערים,מחשבים,,
יעל,מנסור,ירושלים בית הערבה,נקבה,"תשפ""ג",2003-11-01,אבן ספיר,עיצוב שיער,,
יונתן,מלכה,אורט אדיבי אשקלון,זכר,"תשפ""ה",2006-02-25,מעלה אדומים,מערכות סיב````ם תיב````ם,,
מרים,סעדה,עכו מרום,נקבה,"תשפ""ג",2001-09-14,מודיעין,מחשבים,,
יובל,קדוש,ירושלים בית הערבה,זכר,"תשפ""א",,מעלה אדומים,תחזוקת מערכות מכניות,2022-06-27,
גיא,מנסור,עכו מרום,זכר,"תשפ""ה",2002-09-10,גבעת זאב,עיצוב שיער,,
אלה,אשכנזי,אורט אדיבי אשקלון,נקבה,"תשפ""ב",2005-06-20,מעלה אדומים,עיצוב,2021-08-11,
גיא,זועבי,מוצקין,זכר,"תשפ""ג",2000-08-25,צור הדסה,תחזוקת מערכות מכניות,,
טל,דהן,מוצקין,נקבה,"תשפ""ה",2005-06-22,אפרת,יישומי עיצוב שיער וטיפוח החן,,
אלון,קדוש,עכו מרום,זכר,"תשפ""א",2007-06-04,ירושלים,עיצוב שיער,,
אריאל,מזרחי,עכו מרום,זכר,"תשפ""ג",2002-12-10,מעלה אדומים,תקשוב,,
עדי,עמר,אורט אדיבי אשקלון,נקבה,"תשפ""ה",2000-06-14,גבעת זאב,,,
סאמר,פרידמן,בית שאן,זכר,"תשפ""ד",2001-12-26,אבן ספיר,תקשוב,,
עומר,שרעבי,מוצקין,זכר,"תשפ""ה",2004-12-18,אבן ספיר,תקשוב(חנמ),,
אורי,סרסור,ירושלים בית הערבה,זכר,"תשפ""ג",2007-02-09,קרית יערים,תקשוב(חנמ),,
אריאל,עטיה,אורט אדיבי אשקלון,זכר,"תשפ""ד",2004-02-14,הר אדר,עיצוב(חנמ),,
עידו,אזולאי,ירושלים בית הערבה,זכר,"תש""ף",2006-06-18,מעלה אדומים,תקשוב,,
אחמד,טל,ירושלים בית הערבה,זכר,"תשפ""ג",2003-01-21,צור הדסה,,2021-03-16,
נועם,בן דוד,צור ברק,זכר,"תשפ""א",2005-08-25,מעלה אדומים,תחזוקת מערכות מכניות,,
נדב,זכריה,ירושלים בית הערבה,זכר,"תשפ""ד",2001-01-19,גבע בנימין,תקשוב,,
אורי,גבאי,ירושלים בית הערבה,זכר,"תשפ""ה",2003-01-24,הר אדר,עיצוב(חנמ),,
מאהר,עבד אלחק,צור ברק,זכר,"תשפ""ה",2002-08-09,,יישומי עיצוב שיער וטיפוח החן,,
נועה,לוי,ירושלים בית הערבה,נקבה,"תש""ף",2005-12-23,ירושלים,תחזוקת מערכות מכניות(חנמ),2019-02-27,
מוחמד,ברק,עכו מרום,זכר,,2007-11-19,בית שמש,מחשבים,,
אדם,ביטון,מוצקין,זכר,"תשפ""ב",2000-05-19,קרית יערים,התמחות יישומי אוטו-טק,2023-07-16,
אחמד,קדוש,אורט אדיבי אשקלון,זכר,"תשפ""ה",2005-02-06,אבן ספיר,עיצוב,,
מאיה,כהן,ירושלים בית הערבה,נקבה,"תשפ""ב",2005-10-26,מודיעין,,,
רועי,מלכה,עכו מרום,זכר,"תשפ""ד",2001-04-30,ירושלים,אוטוטרוניקה,,
אריאל,סבג,ירושלים בית הערבה,זכר,"תשפ""ה",2005-10-26,מעלה אדומים,אוטוטרוניקה,,
איתי,סרסור,מוצקין,זכר,"תשפ""ב",2006-08-23,ירושלים,אוטוטרוניקה,,
אביב,רוזן,מוצקין,זכר,"תשע""ט",2006-10-06,ירושלים,מלונאות,,
בר,ברק,ירושלים בית הערבה,זכר,"תשפ""ד",2004-06-23,מעלה אדומים,תקשוב,2025-04-11,
מאיה,שרעבי,ירושלים בית הערבה,נקבה,"תשפ""ג",2002-09-27,מעלה אדומים,תקשוב,,
שי,אלבז,ירושלים בית הערבה,זכר,"תשפ""ב",2003-01-03,מעלה אדומים,,,
מוחמד,אשכנזי,צור ברק,זכר,"תש""ף",2000-02-15,אפרת,עיצוב(חנמ),,
אורי,אזולאי,אורט אדיבי אשקלון,זכר,"תש""ף",2007-06-20,אבן ספיר,יישומי עיצוב שיער וטיפוח החן,,
רן,ביטון,עכו מרום,זכר,"תשע""ח",2006-02-17,מעלה אדומים,עיצוב שיער,,
נועה,אלבז,אורט אדיבי אשקלון,נקבה,"תש""ף",2006-02-23,הר אדר,תקשוב,,
רן,סלומון,ירושלים בית הערבה,זכר,"תשע""ט",2000-09-10,ירושלים,עיצוב(חנמ),,
כרים,מזרחי,ירושלים בית הערבה,זכר,"תשפ""ב",2003-01-06,קרית יערים,אוטוטרוניקה,,
אריאל,פרץ,עכו מרום,זכר,"תשע""ט",2002-04-26,אבן ספיר,תקשוב,,
עידו,טל,מוצקין,זכר,"תשפ""ב",2007-07-07,בית שמש,בישול מלונאי,2019-07-05,
תומר,בן דוד,עכו מרום,זכר,"תשפ""ב",2002-05-20,קרית יערים,,,
שחר,ביטון,ירושלים בית הערבה,זכר,"תשפ""ד",2002-04-30,גבעת זאב,תקשוב(חנמ),,
עומר,חיים,ירושלים בית הערבה,זכר,"תשפ""ד",2000-07-11,הר אדר,אוטוטרוניקה,,
אלון,חיים,עכו מרום,זכר,"תשפ""א",2006-02-28,צור הדסה,מחשבים,,
חסן,אברהם,ירושלים בית הערבה,זכר,"תשפ""ב",2005-10-21,גבע בנימין,,,
ליאור,קדוש,ירושלים בית הערבה,זכר,"תשפ""ב",2000-10-17,,מחשבים,,
גיא,אשכנזי,עכו מרום,זכר,"תשפ""ד",2003-11-11,מעלה אדומים,עיצוב,,
הראל,עמר,מוצקין,זכר,"תשפ""ג",2001-04-09,גבעת זאב,מחשבים,,
נועם,דוד,ירושלים בית הערבה,זכר,"תשפ""ה",2007-02-09,אבן ספיר,מערכות הספק פיקוד ובקרה,,
יובל,ביטון,ירושלים בית הערבה,זכר,"תשפ""ה",2003-08-04,מבשרת ציון,עיצוב,,
יובל,זועבי,עכו מרום,זכר,"תשפ""ג",2000-05-21,צור הדסה,תקשוב,,
חסן,שפירא,ירושלים בית הערבה,זכר,"תשפ""א",2005-03-10,צור הדסה,מערכות הספק פיקוד ובקרה,,
אור,נסראללה,בית שאן,נקבה,"תשפ""ב",2007-07-01,מבשרת ציון,,,
סלמא,נחום,צור ברק,נקבה,"תשפ""ה",2000-02-17,צור הדסה,אוטוטרוניקה,,
אלון,גבאי,עכו מרום,זכר,"תשפ""ב",2001-11-23,קרית יערים,התמחות יישומי אוטו-טק,,
עמית,פרץ,צור ברק,זכר,"תשפ""ב",2000-11-12,מעלה אדומים,מערכות סיב````ם תיב````ם,,
עלי,סרסור,אורט אדיבי אשקלון,זכר,"תשפ""ד",2005-11-27,אפרת,תחזוקת מערכות מכניות,,
נועם,דוד,ירושלים בית הערבה,זכר,"תשפ""ג",2001-01-13,אבן ספיר,,,
תמר,חיים,ירושלים בית הערבה,נקבה,"תשע""ט",2005-06-12,מעלה אדומים,עיצוב שיער,2023-09-19,
נטע,זועבי,ירושלים בית הערבה,נקבה,"תשפ""ד",2006-04-02,בית שמש,,2021-05-17,
אורי,זועבי,בית שאן,זכר,"תשפ""ג",2005-11-13,ירושלים,,,
אלעד,שרעבי,אורט אדיבי אשקלון,זכר,"תשע""ח",2000-10-11,גבעת זאב,,,
ליאור,סלומון,ירושלים בית הערבה,זכר,"תשפ""ד",2006-01-24,מבשרת ציון,אוטוטרוניקה,,
עלי,מזרחי,אורט אדיבי אשקלון,זכר,"תשפ""ב",2005-08-23,הר אדר,עיצוב,,
רועי,דוד,עכו מרום,זכר,"תשפ""ב",2002-09-19,אבן ספיר,תחזוקת מערכות מכניות(חנמ),,
מוחמד,מלכה,ירושלים בית הערבה,,"תשפ""ה",2003-03-17,קרית יערים,עיצוב שיער,2025-02-21,
רן,גבאי,אורט אדיבי אשקלון,זכר,"תשפ""ב",2000-10-08,מבשרת ציון,אוטוטרוניקה,,
יהונתן,סלומון,מוצקין,זכר,"תשפ""א",2000-04-23,מעלה אדומים,מחשבים,,
ליאור,פרץ,עכו מרום,נקבה,"תשפ""ג",2007-12-20,אפרת,עיצוב שיער,,
תומר,רוזן,ירושלים בית הערבה,זכר,"תשפ""ה",2007-05-12,מודיעין,יישומי עיצוב שיער וטיפוח החן,2022-08-08,
יונתן,חיים,עכו מרום,זכר,"תשע""ט",2002-05-26,בית שמש,תקשוב,,
אחמד,אשכנזי,עכו מרום,זכר,"תשפ""ד",2002-10-14,מודיעין,,,
יהונתן,עבד אלחק,אורט אדיבי אשקלון,זכר,"תש""ף",2004-06-27,בית שמש,,,
עלי,מנסור,מוצקין,זכר,"תשפ""א",2004-05-25,ירושלים,,,
נועה,אגבאריה,אורט אדיבי אשקלון,נקבה,"תשע""ט",2000-10-27,קרית יערים,מערכות סיב````ם תיב````ם,,
נדב,ביטון,ירושלים בית הערבה,זכר,"תשפ""ה",2001-03-15,מבשרת ציון,עיצוב שיער,,
לינוי,שפירא,ירושלים בית הערבה,נקבה,"תשפ""ה",2005-02-21,גבעת זאב,אוטוטרוניקה,,
נתנאל,חיים,אורט אדיבי אשקלון,זכר,"תשפ""ה",2001-01-09,צור הדסה,,2020-07-15,
אחמד,גבאי,ירושלים בית הערבה,זכר,"תשפ""ד",2004-09-12,אבן ספיר,אוטוטרוניקה,,
יובל,פרידמן,ירושלים בית הערבה,נקבה,"תשפ""ב",2001-09-22,ירושלים,תחזוקת מערכות מכניות(חנמ),,
נדב,חיים,עכו מרום,זכר,"תשפ""ג",2006-06-22,בית שמש,עיצוב,,
בר,ברק,ירושלים בית הערבה,זכר,,2004-02-03,אבן ספיר,,,
אורי,אגבאריה,אורט אדיבי אשקלון,זכר,"תשע""ט",2003-12-03,גבע בנימין,תקשוב(חנמ),2020-02-06,
עדי,דוד,עכו מרום,נקבה,"תשפ""א",2002-06-25,קרית יערים,התמחות יישומי אוטו-טק,,
דנה,עבד אלחק,אורט אדיבי אשקלון,נקבה,"תשפ""ה",2000-06-01,מעלה אדומים,עיצוב שיער,2022-12-18,
מתן,גבאי,עכו מרום,זכר,"תשפ""א",2005-11-16,קרית יערים,תקשוב,,
יוסף,אשכנזי,בית שאן,זכר,"תשפ""ד",2000-02-01,,מערכות תיכון וייצר באמצעות מחשב,,
בר,אשכנזי,מוצקין,זכר,"תשפ""א",2005-10-18,מעלה אדומים,מלונאות,2021-11-25,
שי,אלבז,צור ברק,זכר,"תשפ""ג",2006-01-09,מבשרת ציון,תקשוב,,
אסף,חטיב,בית שאן,זכר,"תשפ""ד",2001-04-12,הר אדר,מערכות הספק פיקוד ובקרה,2020-08-10,
אביב,סבג,אורט אדיבי אשקלון,זכר,"תשפ""ה",2005-08-02,גבעת זאב,תקשוב,,
ריהאם,שפירא,אורט אדיבי אשקלון,נקבה,"תשפ""ד",2001-07-05,אבן ספיר,תקשוב(חנמ),,
דניאל,ביטון,ירושלים בית הערבה,זכר,"תשפ""ד",2001-12-12,מעלה אדומים,עיצוב(חנמ),,
איתי,אשכנזי,מוצקין,זכר,"תשפ""ה",2005-11-14,מבשרת ציון,בישול מלונאי,,
יהונתן,נסראללה,עכו מרום,זכר,"תשפ""ב",2006-12-22,גבע בנימין,מערכות הספק פיקוד ובקרה,,
שי,פרידמן,ירושלים בית הערבה,זכר,"תשפ""ד",2005-10-10,בית שמש,אוטוטרוניקה,,
אורי,טל,עכו מרום,זכר,"תשפ""ה",2007-01-07,גבע בנימין,תקשוב,,
ניצן,מלכה,ירושלים בית הערבה,נקבה,"תש""ף",2002-09-11,גבעת זאב,,,
יהונתן,פרידמן,ירושלים בית הערבה,זכר,"תשפ""ב",2006-04-19,,התמחות יישומי אוטו-טק(חנמ),,
תומר,ברק,עכו מרום,זכר,"תשפ""ד",2005-09-15,צור הדסה,,,
עלי,גבאי,אורט אדיבי אשקלון,,"תשפ""ב",2002-04-15,מודיעין,אוטוטרוניקה,,
אלה,חדד,מוצקין,נקבה,"תשפ""ד",2000-01-26,גבעת זאב,עיצוב,,
דועא,אוחיון,אורט אדיבי אשקלון,נקבה,"תשפ""ד",2002-05-04,אבן ספיר,,,
יובל,מזרחי,בית שאן,נקבה,"תשפ""ב",2003-06-14,מבשרת ציון,,,
אביב,דהן,אורט אדיבי אשקלון,זכר,"תשפ""ב",2000-12-26,הר אדר,,,
אלעד,אשכנזי,אורט אדיבי אשקלון,זכר,"תשפ""ב",2005-04-01,מודיעין,תקשוב(חנמ),,
אדם,מלכה,ירושלים בית הערבה,זכר,"תשפ""ד",2003-01-14,קרית יערים,מערכות סיב````ם תיב````ם,,
נדב,לוי,צור ברק,זכר,"תש""ף",2005-07-06,מעלה אדומים,עיצוב שיער,,
תומר,מלכה,ירושלים בית הערבה,זכר,"תשפ""ה",2006-01-02,בית שמש,תקשוב,2022-05-11,
רותם,סרסור,ירושלים בית הערבה,נקבה,"תשפ""ד",2004-03-07,אפרת,מחשבים,,
מאהר,חיים,עכו מרום,זכר,"תשפ""ד",2000-07-03,ירושלים,מחשבים,,
אדם,זועבי,ירושלים בית הערבה,זכר,"תשפ""א",2003-01-09,מבשרת ציון,,2024-05-10,
יעל,אלבז,בית שאן,נקבה,"תש""ף",2002-08-02,הר אדר,,,
רן,עטיה,אורט אדיבי אשקלון,זכר,"תשפ""ה",,מעלה אדומים,תחזוקת מערכות מכניות(חנמ),,
עמית,סלומון,אורט אדיבי אשקלון,זכר,"תשע""ט",2007-03-01,קרית יערים,התמחות יישומי אוטו-טק,,2025-03-16
נתנאל,רוזן,ירושלים בית הערבה,זכר,"תשפ""ד",2007-04-06,אפרת,תחזוקת מערכות מכניות,,
אור,כהן,עכו מרום,נקבה,"תשפ""ד",2004-11-17,מעלה אדומים,אוטוטרוניקה,,
מתן,עמר,ירושלים בית הערבה,זכר,"תשפ""ה",2000-08-03,ירושלים,התמחות יישומי אוטו-טק,,
יובל,נסראללה,עכו מרום,זכר,"תשפ""ג",2007-10-16,אפרת,,,
עומר,אגבאריה,ירושלים בית הערבה,זכר,"תש""ף",2007-11-10,צור הדסה,עיצוב שיער,,
ליאור,עבד אלחק,עכו מרום,זכר,"תשפ""ה",2006-05-26,גבע בנימין,מערכות סיב````ם תיב````ם,,
נועם,עבד אלחק,עכו מרום,זכר,"תשפ""ב",2000-02-05,הר אדר,עיצוב שיער,,
הדס,קדוש,עכו מרום,נקבה,"תשפ""ג",2002-09-19,מבשרת ציון,תקשוב,,
ריהאם,ברק,עכו מרום,נקבה,"תשפ""ה",2001-06-21,צור הדסה,מערכות הספק פיקוד ובקרה,,
מיכל,בן דוד,אורט אדיבי אשקלון,נקבה,"תשפ""ה",2007-09-25,קרית יערים,עיצוב(חנמ),,
הדס,אשכנזי,אורט אדיבי אשקלון,נקבה,"תשפ""ד",2002-01-20,הר אדר,התמחות יישומי אוטו-טק,,
ריהאם,סעדה,מוצקין,נקבה,"תש""ף",2001-02-24,מבשרת ציון,תחזוקת מערכות מכניות,,
שקד,עטיה,בית שאן,נקבה,"תשפ""ד",2002-05-22,אפרת,עיצוב שיער,,
ריהאם,עמר,אורט אדיבי אשקלון,נקבה,"תשפ""ה",2007-01-26,בית שמש,מערכות תיכון וייצר באמצעות מחשב,,
יוסף,חיים,אורט אדיבי אשקלון,,"תשפ""ד",2006-02-26,צור הדסה,יישומי עיצוב שיער וטיפוח החן,,
אמל,סלומון,עכו מרום,נקבה,"תשפ""ד",2002-06-06,ירושלים,אוטוטרוניקה,,
דניאל,זועבי,ירושלים בית הערבה,זכר,"תשפ""ד",2005-08-21,צור הדסה,,,
הראל,מלכה,בית שאן,זכר,"תשפ""ה",2006-10-25,ירושלים,תחזוקת מערכות מכניות(חנמ),2025-01-05,
לינוי,סרסור,ירושלים בית הערבה,נקבה,"תשפ""ד",2001-02-05,אבן ספיר,מערכות סיב````ם תיב````ם,,
נועם,אזולאי,בית שאן,זכר,"תש""ף",2000-04-04,אבן ספיר,תקשוב,,
סאמר,אשכנזי,ירושלים בית הערבה,זכר,"תשפ""ב",2000-04-30,מעלה אדומים,תקשוב,,
נתנאל,עבד אלחק,אורט אדיבי אשקלון,זכר,"תשע""ח",2007-07-26,מבשרת ציון,אוטוטרוניקה,,
יהונתן,אזולאי,עכו מרום,זכר,"תש""ף",2003-05-04,אבן ספיר,מחשבים,,
נדב,אוחיון,אורט אדיבי אשקלון,זכר,"תשפ""ד",2004-01-25,קרית יערים,,,
הדס,ביטון,עכו מרום,נקבה,"תשפ""ה",2007-04-10,אפרת,עיצוב שיער,,
נועה,גבאי,ירושלים בית הערבה,נקבה,"תשפ""ג",2005-04-24,צור הדסה,מערכות הספק פיקוד ובקרה,2019-04-16,
תמר,דהן,צור ברק,נקבה,"תשפ""ה",2002-09-06,מבשרת ציון,,,
מאהר,רוזן,מוצקין,זכר,"תשפ""ד",2002-06-21,מודיעין,מערכות סיב````ם תיב````ם,,
יוסף,חטיב,עכו מרום,זכר,"תשפ""ב",2007-05-13,קרית יערים,,,
מוחמד,כהן,ירושלים בית הערבה,זכר,"תשפ""ג",2004-12-18,אפרת,יישומי עיצוב שיער וטיפוח החן,,
עמית,סלומון,צור ברק,זכר,"תשפ""א",2002-01-11,הר אדר,עיצוב שיער,,
איתי,סבג,אורט אדיבי אשקלון,זכר,"תשפ""ב",2001-12-10,קרית יערים,,,
דנה,אברהם,עכו מרום,נקבה,"תשפ""ג",2003-07-08,מודיעין,מסגרות מבנים,,
הראל,דהן,אורט אדיבי אשקלון,זכר,"תשפ""ה",2007-05-31,מודיעין,,,
עומר,עבד אלחק,עכו מרום,זכר,"תשפ""ד",2001-07-22,אפרת,תחזוקת מערכות מכניות,,
סלמא,שרעבי,ירושלים בית הערבה,נקבה,"תשפ""ה",2007-01-08,בית שמש,מחשבים,,
אביב,עמר,ירושלים בית הערבה,זכר,"תשפ""ב",2000-07-06,מבשרת ציון,אוטוטרוניקה,,
הראל,מלכה,בית שאן,זכר,"תש""ף",2001-08-14,מבשרת ציון,תחזוקת מערכות מכניות,,
יוסף,סלומון,אורט אדיבי אשקלון,זכר,,2003-06-06,מודיעין,תחזוקת מערכות מכניות(חנמ),,
אלעד,אגבאריה,מוצקין,זכר,"תשפ""ה",2007-07-07,ירושלים,,2023-01-20,
אביב,זכריה,אורט אדיבי אשקלון,זכר,"תשע""ט",2002-03-03,הר אדר,מחשבים,2024-02-24,
נטע,זכריה,צור ברק,נקבה,"תשפ""ב",2003-04-15,צור הדסה,תקשוב,,
רועי,סעדה,אורט אדיבי אשקלון,זכר,"תש""ף",2001-06-05,אפרת,,,
כרים,פרץ,עכו מרום,זכר,"תשפ""ג",2006-02-22,קרית יערים,עיצוב שיער,,
סאמר,אגבאריה,עכו מרום,זכר,"תשפ""א",2005-08-18,אפרת,,,
מרים,טל,אורט אדיבי אשקלון,נקבה,"תשפ""ד",2001-04-04,ירושלים,התמחות יישומי אוטו-טק,,
יוסף,אוחיון,ירושלים בית הערבה,זכר,"תשפ""ב",2003-10-16,צור הדסה,עיצוב שיער,,
יונתן,מלכה,ירושלים בית הערבה,זכר,"תשפ""א",2002-02-23,ירושלים,,,
מיכל,מנסור,ירושלים בית הערבה,נקבה,"תשפ""ד",2000-02-15,צור הדסה,תחזוקת מערכות מכניות,,
אביב,עמר,אורט אדיבי אשקלון,זכר,"תשפ""ד",2003-06-20,צור הדסה,מחשבים,,
רועי,זכריה,ירושלים בית הערבה,זכר,"תשפ""ה",2007-06-07,ירושלים,מחשבים,2021-02-09,
שחר,שרעבי,ירושלים בית הערבה,זכר,"תשפ""ד",2003-11-09,צור הדסה,אוטוטרוניקה,2023-08-06,
דניאל,מנסור,אורט אדיבי אשקלון,זכר,"תשפ""א",2000-03-27,אבן ספיר,תקשוב,,
מתן,פרידמן,אורט אדיבי אשקלון,זכר,"תש""ף",2006-03-18,בית שמש,עיצוב שיער,,
אסף,שרעבי,ירושלים בית הערבה,זכר,"תשפ""ה",2000-05-04,קרית יערים,עיצוב,2022-05-23,
כרים,זכריה,אורט אדיבי אשקלון,זכר,"תשפ""ב",2002-02-28,גבעת זאב,יישומי עיצוב שיער וטיפוח החן,,
נדב,כהן,עכו מרום,זכר,"תשפ""ד",2007-03-25,מעלה אדומים,אוטוטרוניקה,,
מוחמד,אלבז,אורט אדיבי אשקלון,זכר,"תשע""ט",2007-02-17,בית שמש,עיצוב,,
איתי,עבד אלחק,צור ברק,זכר,"תש""ף",2000-04-16,צור הדסה,עיצוב,,
יעל,עבד אלחק,אורט אדיבי אשקלון,נקבה,"תשפ""ד",2000-09-18,צור הדסה,עיצוב שיער,,
עמית,בן דוד,מוצקין,זכר,"תשפ""ג",2005-12-19,הר אדר,תקשוב,,
יונתן,אשכנזי,ירושלים בית הערבה,זכר,"תשפ""ד",2001-07-07,ירושלים,עיצוב(חנמ),,
נדב,לוי,עכו מרום,זכר,"תשפ""ג",2006-11-12,מודיעין,מסגרות מבנים,2025-03-20,
אדם,רוזן,ירושלים בית הערבה,זכר,"תשפ""ה",2005-02-06,צור הדסה,תקשוב,,
מאהר,לוי,ירושלים בית הערבה,זכר,"תשפ""ה",2000-04-22,גבעת זאב,תקשוב,,
אחמד,עמר,עכו מרום,זכר,"תשפ""ד",2003-10-03,מבשרת ציון,,2019-10-18,
מיכל,מזרחי,צור ברק,נקבה,"תשפ""ב",2002-08-24,מבשרת ציון,מערכות תיכון וייצר באמצעות מחשב,,
אורי,מזרחי,עכו מרום,זכר,"תשפ""ה",2006-09-04,אבן ספיר,עיצוב שיער,,
אלעד,זועבי,ירושלים בית הערבה,זכר,"תשפ""ה",2001-05-23,מעלה אדומים,עיצוב,,
יונתן,לוי,עכו מרום,זכר,"תשפ""ה",2002-09-10,בית שמש,עיצוב שיער,,
בר,ברק,עכו מרום,זכר,"תשע""ח",2005-11-17,גבע בנימין,התמחות יישומי אוטו-טק,,
ספיר,מלכה,עכו מרום,נקבה,"תשפ""ג",2000-10-27,,עיצוב,,
נדב,בן דוד,עכו מרום,זכר,"תשפ""ד",2007-02-17,מודיעין,מחשבים,,
כרים,מלכה,בית שאן,זכר,"תשפ""א",2006-09-18,צור הדסה,עיצוב שיער,,
ליאור,חדד,אורט אדיבי אשקלון,זכר,"תשפ""ג",2003-10-02,מעלה אדומים,עיצוב(חנמ),,
עדי,אוחיון,צור ברק,נקבה,"תשפ""ב",2000-10-26,צור הדסה,מערכות הספק פיקוד ובקרה,,
ליאור,מלכה,מוצקין,זכר,"תשפ""ג",2006-04-19,גבעת זאב,תקשוב,,
אסף,אלבז,אורט אדיבי אשקלון,זכר,"תשפ""ד",2001-07-22,גבע בנימין,,,
שקד,עמר,בית שאן,נקבה,"תשפ""ד",2007-10-11,אפרת,,,
אלון,מזרחי,עכו מרום,זכר,"תשע""ט",2001-04-21,גבעת זאב,בישול מלונאי,,
רועי,כהן,ירושלים בית הערבה,זכר,"תשפ""ג",2002-06-27,בית שמש,אוטוטרוניקה,,
איתי,נחום,בית שאן,זכר,"תשפ""ג",2006-11-26,בית שמש,תחזוקת מערכות מכניות,,
עידו,שרעבי,אורט אדיבי אשקלון,זכר,"תשפ""ה",2004-03-25,בית שמש,מחשבים,,
נועם,אשכנזי,עכו מרום,זכר,"תש""ף",2002-03-22,מודיעין,עיצוב שיער,,
הראל,עמר,צור ברק,זכר,"תשפ""ה",2004-01-17,מבשרת ציון,התמחות יישומי אוטו-טק,,
לינוי,סרסור,ירושלים בית הערבה,נקבה,"תשפ""ד",2001-06-25,אפרת,תקשוב,,
דניאל,מזרחי,ירושלים בית הערבה,זכר,"תשפ""א",2004-05-19,אבן ספיר,,,
בר,כהן,עכו מרום,זכר,"תשפ""ג",2005-12-22,אפרת,אוטוטרוניקה,,
עידו,קדוש,עכו מרום,זכר,"תשפ""ד",2002-10-01,הר אדר,יישומי עיצוב שיער וטיפוח החן,,
מאהר,חטיב,עכו מרום,זכר,"תשפ""ג",2000-05-21,גבע בנימין,עיצוב שיער,,
סלמא,אגבאריה,ירושלים בית הערבה,נקבה,"תשפ""א",2007-06-12,צור הדסה,התמחות יישומי אוטו-טק,,
נטע,אזולאי,ירושלים בית הערבה,נקבה,"תשפ""ד",2003-10-05,גבע בנימין,מערכות הספק פיקוד ובקרה,,
תמר,אלבז,עכו מרום,נקבה,"תשפ""ה",2007-05-09,מבשרת ציון,מחשבים,,
שי,אזולאי,ירושלים בית הערבה,זכר,"תשפ""א",2001-10-01,גבעת זאב,יישומי עיצוב שיער וטיפוח החן,,
רן,נחום,אורט אדיבי אשקלון,זכר,"תשפ""ה",2007-02-28,,תחזוקת מערכות מכניות,,
ניצן,סבג,ירושלים בית הערבה,נקבה,"תש""ף",2000-04-14,קרית יערים,,,
ליאור,עבד אלחק,עכו מרום,זכר,"תשפ""ב",2005-06-22,בית שמש,תחזוקת מערכות מכניות,,
נתנאל,אלבז,ירושלים בית הערבה,זכר,"תשפ""ג",2002-07-10,קרית יערים,מחשבים,,
שי,מלכה,ירושלים בית הערבה,זכר,"תשפ""ד",2007-09-14,גבע בנימין,עיצוב שיער,,
עידו,בן דוד,אורט אדיבי אשקלון,זכר,,2007-07-11,,עיצוב,2025-07-01,
גיא,חיים,מוצקין,זכר,"תשפ""ה",2007-08-10,אפרת,מערכות סיב````ם תיב````ם,,
מאהר,רוזן,ירושלים בית הערבה,זכר,"תשע""ח",2004-06-06,אבן ספיר,מסגרות מבנים,,
דועא,זועבי,עכו מרום,נקבה,"תשפ""ד",2001-07-12,מודיעין,תחזוקת מערכות מכניות,,
אריאל,דהן,מוצקין,זכר,"תשפ""ב",2003-10-17,ירושלים,התמחות יישומי אוטו-טק,,
אלון,שפירא,אורט אדיבי אשקלון,זכר,"תשע""ט",2001-02-19,מעלה אדומים,עיצוב שיער,,
חסן,דוד,אורט אדיבי אשקלון,זכר,"תשפ""ה",2006-06-20,אפרת,,2024-09-14,
יונתן,זועבי,עכו מרום,זכר,"תשפ""ג",2006-10-18,צור הדסה,יישומי עיצוב שיער וטיפוח החן,,
בר,דוד,עכו מרום,זכר,"תש""ף",2002-12-13,מעלה אדומים,יישומי עיצוב שיער וטיפוח החן,,
רוני,עבד אלחק,עכו מרום,נקבה,"תשפ""ג",2001-11-14,קרית יערים,יישומי עיצוב שיער וטיפוח החן,,
רוני,סלומון,אורט אדיבי אשקלון,נקבה,"תשפ""ה",2007-04-04,גבעת זאב,בישול מלונאי,,
שחר,אשכנזי,ירושלים בית הערבה,זכר,"תשע""ט",2002-11-30,קרית יערים,,,
אדם,חטיב,עכו מרום,זכר,"תשע""ח",2004-09-23,מעלה אדומים,עיצוב(חנמ),,
עידו,זכריה,אורט אדיבי אשקלון,זכר,"תש""ף",2006-03-03,גבע בנימין,עיצוב שיער,,
הראל,אגבאריה,אורט אדיבי אשקלון,זכר,"תשפ""ד",2002-06-08,בית שמש,עיצוב,,
יונתן,זועבי,אורט אדיבי אשקלון,זכר,"תשפ""א",2004-11-14,ירושלים,,,
תומר,פרידמן,אורט אדיבי אשקלון,זכר,"תשע""ח",2003-01-08,אפרת,מחשבים,,
מוחמד,חיים,מוצקין,זכר,"תשע""ט",2004-03-19,קרית יערים,בישול מלונאי,,
רוני,אזולאי,עכו מרום,נקבה,"תשפ""ה",2003-03-02,בית שמש,יישומי עיצוב שיער וטיפוח החן(חנמ),,
אדם,אלבז,עכו מרום,זכר,"תשפ""ה",2000-07-24,אפרת,,,
מאיה,חדד,מוצקין,נקבה,"תשפ""ד",2004-03-03,בית שמש,מחשבים,,
בר,לוי,אורט אדיבי אשקלון,זכר,"תשפ""ב",2003-03-14,,אוטוטרוניקה,,
מאהר,שפירא,ירושלים בית הערבה,זכר,"תשפ""ב",2003-03-13,ירושלים,מחשבים,,
אריאל,לוי,ירושלים בית הערבה,זכר,"תשפ""ג",2000-12-21,,עיצוב שיער,,
אורי,שפירא,מוצקין,זכר,"תשפ""א",2004-11-13,ירושלים,אוטוטרוניקה,,2025-11-06
עלי,סרסור,ירושלים בית הערבה,זכר,"תשפ""ג",2003-07-31,מבשרת ציון,מערכות הספק פיקוד ובקרה,,
מרים,שפירא,ירושלים בית הערבה,נקבה,"תשפ""ד",2001-03-03,ירושלים,,,
שי,כהן,אורט אדיבי אשקלון,זכר,"תשפ""ב",2006-08-26,הר אדר,התמחות יישומי אוטו-טק,,
יוסף,טל,עכו מרום,זכר,"תש""ף",2003-07-04,מודיעין,מערכות הספק פיקוד ובקרה,,
טל,דהן,ירושלים בית הערבה,נקבה,"תשע""ח",2005-06-18,מבשרת ציון,מחשבים,,
טל,עמר,אורט אדיבי אשקלון,נקבה,"תשפ""ב",2006-08-12,מבשרת ציון,עיצוב(חנמ),,
יוסף,שפירא,אורט אדיבי אשקלון,זכר,"תשע""ט",2007-03-19,בית שמש,,,
שי,סלומון,ירושלים בית הערבה,זכר,"תשפ""ה",2006-04-25,מודיעין,,,
סאמר,עמר,אורט אדיבי אשקלון,זכר,"תשפ""ה",2007-03-16,,התמחות יישומי אוטו-טק,,
יובל,עבד אלחק,עכו מרום,זכר,"תשפ""ב",2004-12-08,אפרת,תקשוב,,
נועה,אגבאריה,אורט אדיבי אשקלון,נקבה,"תשפ""ג",2004-12-19,מבשרת ציון,,,
נתנאל,כהן,עכו מרום,זכר,"תשפ""א",2002-07-13,מעלה אדומים,,,
רועי,גבאי,ירושלים בית הערבה,זכר,"תשפ""ד",2001-01-25,קרית יערים,,,
הדס,שרעבי,אורט אדיבי אשקלון,נקבה,"תשפ""ד",2000-03-21,בית שמש,עיצוב שיער,,
רועי,טל,עכו מרום,זכר,"תשע""ח",2001-07-23,אבן ספיר,תחזוקת מערכות מכניות,,
מיכל,זכריה,אורט אדיבי אשקלון,נקבה,"תשפ""א",2006-03-02,צור הדסה,אוטוטרוניקה,2021-12-15,
אביגיל,מנסור,צור ברק,נקבה,"תשפ""ד",2001-06-27,ירושלים,עיצוב,,
אדם,קדוש,ירושלים בית הערבה,זכר,"תשפ""א",2000-02-24,ירושלים,תקשוב,,
יובל,ברק,עכו מרום,נקבה,"תשע""ט",2000-09-23,בית שמש,תקשוב(חנמ),,
סאמר,סעדה,ירושלים בית הערבה,זכר,"תשפ""ד",2002-12-22,מבשרת ציון,תקשוב,,
מרים,אגבאריה,אורט אדיבי אשקלון,נקבה,"תשפ""ג",2003-12-27,מבשרת ציון,מחשבים,,
גיא,חיים,ירושלים בית הערבה,זכר,,2004-11-07,אפרת,,2020-06-20,
רותם,סבג,צור ברק,נקבה,"תשפ""ב",2000-07-25,ירושלים,מחשבים,2020-09-07,
איתי,חיים,ירושלים בית הערבה,זכר,"תשפ""א",2000-12-07,מעלה אדומים,מערכות סיב````ם תיב````ם,,
תומר,לוי,אורט אדיבי אשקלון,זכר,"תשפ""ד",2000-02-03,הר אדר,מחשבים,,
בר,עמר,עכו מרום,זכר,"תשפ""ג",2002-10-08,גבעת זאב,תקשוב,2023-12-07,
ניצן,גבאי,ירושלים בית הערבה,נקבה,"תשפ""ג",2003-07-13,מבשרת ציון,אוטוטרוניקה,,
נדב,מלכה,בית שאן,זכר,"תשפ""ד",2000-03-07,מבשרת ציון,תקשוב(חנמ),,
גיא,מזרחי,ירושלים בית הערבה,זכר,"תשפ""ג",2000-12-06,מעלה אדומים,תחזוקת מערכות מכניות(חנמ),,
אריאל,שפירא,עכו מרום,זכר,"תש""ף",2004-12-22,צור הדסה,מחשבים,,
אדם,פרידמן,ירושלים בית הערבה,זכר,"תשפ""ה",2003-06-25,מודיעין,התמחות יישומי אוטו-טק,,
עידו,מזרחי,ירושלים בית הערבה,זכר,"תשפ""ה",2005-10-21,גבעת זאב,מערכות הספק פיקוד ובקרה,2024-03-07,
רוני,דהן,אורט אדיבי אשקלון,נקבה,"תשפ""ד",2004-09-05,מעלה אדומים,עיצוב,,
אור,אוחיון,אורט אדיבי אשקלון,נקבה,"תשפ""ה",2004-03-04,ירושלים,,2024-01-12,
אחמד,אשכנזי,עכו מרום,זכר,"תש""ף",2000-01-11,בית שמש,מחשבים,,
מאהר,חיים,אורט אדיבי אשקלון,זכר,"תשפ""ב",2001-06-30,צור הדסה,מחשבים,,
ניצן,זכריה,ירושלים בית הערבה,נקבה,"תשפ""ה",2004-01-07,מעלה אדומים,אוטוטרוניקה,,
עידו,אגבאריה,בית שאן,זכר,"תשפ""ג",2007-02-03,מודיעין,עיצוב שיער,,
שחר,בן דוד,בית שאן,זכר,"תשפ""ה",2003-01-08,מודיעין,מחשבים,,
יוסף,אגבאריה,עכו מרום,זכר,"תשפ""ד",2002-05-27,מודיעין,מערכות תיכון וייצר באמצעות מחשב,,
דנה,חיים,ירושלים בית הערבה,נקבה,"תשפ""ג",2002-05-27,אבן ספיר,תקשוב,,
יוסף,פרץ,אורט אדיבי אשקלון,זכר,"תשפ""ה",2000-05-11,,עיצוב,,
אריאל,סלומון,עכו מרום,זכר,"תשפ""ה",2007-07-07,הר אדר,עיצוב,,
דועא,ביטון,אורט אדיבי אשקלון,נקבה,"תשפ""ג",2002-08-06,גבעת זאב,עיצוב,,
אורי,מלכה,ירושלים בית הערבה,זכר,"תשפ""א",2006-04-10,בית שמש,אוטוטרוניקה,,
נועם,ברק,אורט אדיבי אשקלון,זכר,"תשפ""ג",2003-03-12,אבן ספיר,תחזוקת מערכות מכניות,,
רן,שפירא,עכו מרום,זכר,"תשע""ט",2003-12-06,מודיעין,התמחות יישומי אוטו-טק,,
ניצן,גבאי,אורט אדיבי אשקלון,נקבה,"תשפ""ב",2004-02-05,הר אדר,מחשבים,,
אלעד,מלכה,אורט אדיבי אשקלון,זכר,"תשע""ח",2002-12-27,ירושלים,תקשוב,,
מרים,כהן,אורט אדיבי אשקלון,נקבה,"תשע""ט",2003-06-20,אבן ספיר,תחזוקת מערכות מכניות(חנמ),,
ליאור,גבאי,ירושלים בית הערבה,זכר,"תשפ""ג",2002-04-21,הר אדר,התמחות יישומי אוטו-טק,,
לינוי,ביטון,ירושלים בית הערבה,נקבה,"תשפ""ב",2003-11-24,קרית יערים,עיצוב שיער,,
אריאל,מלכה,עכו מרום,זכר,"תשפ""ב",2002-06-27,גבעת זאב,תקשוב,,
אמל,נחום,ירושלים בית הערבה,נקבה,"תשע""ט",2001-05-24,מעלה אדומים,תקשוב,,
דועא,אברהם,ירושלים בית הערבה,נקבה,"תשפ""ה",2000-04-19,קרית יערים,תקשוב,,
אביב,ברק,ירושלים בית הערבה,זכר,"תשפ""ב",2007-12-21,אפרת,עיצוב שיער,,
שירה,עטיה,צור ברק,נקבה,"תשפ""ד",2004-12-01,קרית יערים,התמחות יישומי אוטו-טק,,
יוסף,שרעבי,ירושלים בית הערבה,זכר,"תשפ""ד",2005-05-04,צור הדסה,תחזוקת מערכות מכניות,,
עלי,פרידמן,ירושלים בית הערבה,זכר,"תשפ""ד",2007-06-14,גבעת זאב,יישומי עיצוב שיער וטיפוח החן,,
בר,רוזן,אורט אדיבי אשקלון,זכר,"תשפ""ד",2000-09-26,קרית יערים,מחשבים,,
עלי,כהן,ירושלים בית הערבה,זכר,"תש""ף",2003-10-14,,מחשבים,,
מאיה,פרידמן,עכו מרום,נקבה,"תשפ""ב",2002-11-07,מבשרת ציון,מחשבים,,
עמית,נסראללה,אורט אדיבי אשקלון,זכר,"תשע""ט",2005-05-31,מעלה אדומים,עיצוב שיער,2021-03-22,
שחר,קדוש,ירושלים בית הערבה,זכר,"תשפ""ב",2005-04-04,גבע בנימין,תחזוקת מערכות מכניות(חנמ),,
רותם,דוד,אורט אדיבי אשקלון,נקבה,"תשפ""ד",2007-09-22,קרית יערים,מחשבים,,
אחמד,נחום,אורט אדיבי אשקלון,זכר,"תש""ף",2001-04-22,ירושלים,תקשוב,,
אביגיל,עבד אלחק,עכו מרום,נקבה,"תשפ""א",2005-05-23,גבע בנימין,עיצוב,,
מוחמד,מזרחי,ירושלים בית הערבה,זכר,"תשפ""ד",2001-06-24,מבשרת ציון,עיצוב שיער,,
טל,אלבז,עכו מרום,נקבה,"תשפ""ד",2000-09-21,הר אדר,יישומי עיצוב שיער וטיפוח החן,,
כרים,נחום,עכו מרום,זכר,"תשפ""ה",2007-02-16,ירושלים,עיצוב(חנמ),2020-06-23,
נטע,פרץ,בית שאן,נקבה,"תש""ף",2007-01-06,אפרת,מערכות תיכון וייצר באמצעות מחשב,2023-05-31,
הראל,ביטון,עכו מרום,זכר,"תשפ""ד",2006-03-24,קרית יערים,יישומי עיצוב שיער וטיפוח החן,,
דניאל,אזולאי,ירושלים בית הערבה,זכר,"תשע""ט",2002-07-15,מבשרת ציון,מסגרות מבנים,,
עומר,חטיב,עכו מרום,זכר,"תשפ""ה",2000-03-31,מודיעין,,,
מרים,זכריה,ירושלים בית הערבה,נקבה,"תשפ""ד",2007-06-05,הר אדר,,2020-10-19,
יוסף,מלכה,בית שאן,זכר,"תש""ף",2002-11-07,קרית יערים,עיצוב,,
רותם,נחום,אורט אדיבי אשקלון,נקבה,"תשפ""ה",2006-10-17,קרית יערים,עיצוב שיער,,
נטע,נחום,ירושלים בית הערבה,נקבה,"תשפ""ב",2000-12-10,מעלה אדומים,תקשוב(חנמ),,
נדב,טל,אורט אדיבי אשקלון,זכר,"תשפ""ה",2002-05-04,מודיעין,עיצוב(חנמ),,
נטע,מנסור,עכו מרום,נקבה,"תשפ""ב",2004-01-31,בית שמש,מחשבים,,
אחמד,חיים,אורט אדיבי אשקלון,זכר,"תשפ""ג",2005-10-27,אבן ספיר,אוטוטרוניקה,2025-05-25,
נתנאל,אזולאי,אורט אדיבי אשקלון,זכר,"תשפ""ה",2002-07-06,קרית יערים,מחשבים,,
שירה,שפירא,עכו מרום,נקבה,"תש""ף",2005-07-24,צור הדסה,אוטוטרוניקה,,
טל,מזרחי,צור ברק,נקבה,"תשע""ט",2000-01-25,,מחשבים,,
סאמר,עבד אלחק,מוצקין,זכר,"תשפ""ב",2000-05-03,מבשרת ציון,מערכות סיב````ם תיב````ם,,
אורי,אלבז,בית שאן,זכר,"תשפ""ב",2004-08-18,גבעת זאב,תקשוב,,
אורי,שרעבי,ירושלים בית הערבה,זכר,"תשפ""ג",2007-11-08,מעלה אדומים,אוטוטרוניקה,,
עידו,מזרחי,עכו מרום,זכר,"תשע""ח",2004-05-08,מעלה אדומים,עיצוב שיער,,
יונתן,מנסור,עכו מרום,זכר,"תשפ""ה",2006-11-12,מודיעין,תחזוקת מערכות מכניות,,
ליאור,חדד,אורט אדיבי אשקלון,נקבה,"תשפ""ה",2007-08-24,מודיעין,תקשוב(חנמ),,
אלון,לוי,אורט אדיבי אשקלון,זכר,"תשפ""ב",2003-01-26,מודיעין,תקשוב,,
הראל,אוחיון,אורט אדיבי אשקלון,זכר,"תשפ""ג",2007-11-22,בית שמש,תחזוקת מערכות מכניות(חנמ),2023-08-15,
טל,מזרחי,אורט אדיבי אשקלון,נקבה,"תשפ""א",2004-09-10,גבעת זאב,מערכות הספק פיקוד ובקרה,,
אלון,עבד אלחק,צור ברק,זכר,"תשפ""ד",2004-04-04,אפרת,מחשבים,,
נדב,מזרחי,עכו מרום,זכר,"תשפ""ב",2001-01-23,צור הדסה,מחשבים,,
מוחמד,לוי,בית שאן,זכר,"תשפ""ה",2006-01-20,אבן ספיר,תקשוב(חנמ),2021-12-05,2025-06-19
תמר,מזרחי,אורט אדיבי אשקלון,נקבה,"תשפ""ד",2003-03-17,צור הדסה,יישומי עיצוב שיער וטיפוח החן,,
עמית,גבאי,אורט אדיבי אשקלון,זכר,"תשפ""ג",2004-03-18,גבעת זאב,תחזוקת מערכות מכניות(חנמ),,
נור,שרעבי,ירושלים בית הערבה,נקבה,"תש""ף",2003-05-17,צור הדסה,עיצוב(חנמ),,
סאמר,דהן,ירושלים בית הערבה,זכר,"תשפ""ב",2004-06-22,אפרת,מערכות הספק פיקוד ובקרה,,
אלעד,סלומון,אורט אדיבי אשקלון,זכר,"תש""ף",2005-10-11,בית שמש,,,
גיא,פרץ,אורט אדיבי אשקלון,זכר,"תשפ""ד",2001-03-02,מודיעין,התמחות יישומי אוטו-טק,,
עמית,אשכנזי,אורט אדיבי אשקלון,זכר,"תשפ""ג",2003-10-26,אפרת,מלונאות,,
יונתן,חטיב,ירושלים בית הערבה,זכר,"תשפ""ה",2001-03-15,מודיעין,עיצוב שיער,,
ליאור,סלומון,ירושלים בית הערבה,זכר,"תשפ""ד",2001-03-27,צור הדסה,אוטוטרוניקה,,
שקד,מלכה,אורט אדיבי אשקלון,נקבה,"תשפ""ג",2001-08-06,,עיצוב(חנמ),,
נור,חדד,מוצקין,נקבה,"תשפ""ה",2007-10-21,מבשרת ציון,,,
אריאל,שרעבי,ירושלים בית הערבה,זכר,"תש""ף",2001-12-11,גבעת זאב,עיצוב שיער,,
אלון,ברק,אורט אדיבי אשקלון,זכר,"תשפ""ב",2007-09-01,מודיעין,אוטוטרוניקה,,
מיכל,חיים,עכו מרום,נקבה,"תשפ""ג",2004-10-10,אפרת,אוטוטרוניקה,,
הילה,חדד,אורט אדיבי אשקלון,נקבה,"תשפ""ג",2000-08-10,גבע בנימין,תקשוב,,
הילה,אלבז,עכו מרום,נקבה,"תשפ""ד",2003-06-23,צור הדסה,עיצוב שיער,,
עדי,חיים,עכו מרום,נקבה,"תש""ף",2000-12-03,הר אדר,תחזוקת מערכות מכניות(חנמ),,
בר,נחום,מוצקין,זכר,"תשפ""ה",2004-11-25,הר אדר,עיצוב,,
עומר,רוזן,ירושלים בית הערבה,זכר,"תשפ""ד",2001-07-01,מודיעין,מערכות הספק פיקוד ובקרה,,
אמל,מזרחי,מוצקין,נקבה,"תשפ""ה",2004-11-12,ירושלים,תקשוב,,
עומר,עמר,ירושלים בית הערבה,זכר,"תשפ""ג",2001-08-22,מעלה אדומים,יישומי עיצוב שיער וטיפוח החן,,
אסף,עטיה,אורט אדיבי אשקלון,זכר,"תשפ""ה",2004-06-02,צור הדסה,תקשוב,2021-09-02,
בר,חטיב,ירושלים בית הערבה,זכר,"תשפ""ב",2003-04-02,מעלה אדומים,מערכות סיב````ם תיב````ם,,
ניצן,טל,מוצקין,נקבה,"תשפ""ב",,צור הדסה,אוטוטרוניקה,,
אביב,פרידמן,ירושלים בית הערבה,זכר,"תשפ""ב",2007-02-15,אבן ספיר,,,
יעל,פרידמן,עכו מרום,נקבה,"תשפ""ה",2005-09-26,ירושלים,התמחות יישומי אוטו-טק,,
עומר,זכריה,ירושלים בית הערבה,זכר,"תשפ""ד",2006-09-15,גבע בנימין,אוטוטרוניקה,,
אדם,קדוש,אורט אדיבי אשקלון,זכר,"תשפ""ב",2001-03-27,קרית יערים,תחזוקת מערכות מכניות,2023-03-11,
איתי,מזרחי,ירושלים בית הערבה,זכר,"תשפ""ד",2005-03-25,אפרת,עיצוב(חנמ),,
ספיר,סרסור,אורט אדיבי אשקלון,נקבה,"תשפ""ג",2007-04-17,מבשרת ציון,תקשוב,2020-11-10,
שחר,פרץ,בית שאן,זכר,"תש""ף",2004-03-03,צור הדסה,תחזוקת מערכות מכניות(חנמ),2024-10-05,
אורי,מזרחי,עכו מרום,זכר,"תשפ""ה",2006-11-03,קרית יערים,,,
אביב,אוחיון,ירושלים בית הערבה,זכר,"תשפ""ג",2002-12-31,אבן ספיר,אוטוטרוניקה,,
תומר,ביטון,ירושלים בית הערבה,זכר,"תש""ף",2007-09-17,גבע בנימין,מערכות הספק פיקוד ובקרה,,
מוחמד,עטיה,מוצקין,זכר,"תשפ""ג",2003-01-10,הר אדר,תקשוב(חנמ),,
ליאור,סרסור,אורט אדיבי אשקלון,זכר,"תשפ""ה",2002-01-17,גבעת זאב,בישול מלונאי,,
נדב,סרסור,עכו מרום,זכר,"תש""ף",2001-12-26,מבשרת ציון,תחזוקת מערכות מכניות,2019-07-25,
מרים,פרידמן,ירושלים בית הערבה,נקבה,"תשע""ט",2001-08-16,אפרת,תקשוב,,2025-05-25
תומר,סרסור,עכו מרום,זכר,"תשע""ח",2005-01-05,מודיעין,תקשוב,,
אביב,זכריה,צור ברק,זכר,"תשפ""ד",2005-06-24,מודיעין,אוטוטרוניקה,,
לינוי,מנסור,עכו מרום,נקבה,"תשפ""ב",2001-06-26,מודיעין,תחזוקת מערכות מכניות,,
רועי,אשכנזי,ירושלים בית הערבה,זכר,"תש""ף",2005-02-13,אבן ספיר,,,
עמית,כהן,ירושלים בית הערבה,זכר,"תש""ף",2000-05-06,צור הדסה,עיצוב שיער,2024-02-09,
אריאל,אגבאריה,צור ברק,זכר,"תשפ""ב",2003-06-21,מבשרת ציון,מחשבים,,
אור,שרעבי,ירושלים בית הערבה,נקבה,"תשפ""ה",2003-07-04,מבשרת ציון,תקשוב,,
נתנאל,בן דוד,עכו מרום,זכר,"תשפ""ד",2001-12-14,גבעת זאב,עיצוב(חנמ),,
הילה,שפירא,ירושלים בית הערבה,נקבה,"תש""ף",2002-11-16,בית שמש,תחזוקת מערכות מכניות,,
שי,מזרחי,אורט אדיבי אשקלון,זכר,"תש""ף",2005-04-05,בית שמש,התמחות יישומי אוטו-טק,,
אחמד,קדוש,עכו מרום,זכר,"תשפ""ה",2006-10-20,ירושלים,,,
הראל,נסראללה,צור ברק,זכר,"תשפ""ג",2000-03-18,הר אדר,אוטוטרוניקה,,
יובל,דוד,אורט אדיבי אשקלון,נקבה,"תשפ""א",2001-06-08,גבעת זאב,,,
הדס,סלומון,ירושלים בית הערבה,נקבה,"תשפ""ג",2003-02-07,ירושלים,יישומי עיצוב שיער וטיפוח החן,,
אביב,פרץ,עכו מרום,זכר,"תשפ""ה",2003-02-02,קרית יערים,תחזוקת מערכות מכניות,,
עלי,ביטון,ירושלים בית הערבה,זכר,"תשפ""ד",2001-03-08,גבע בנימין,תקשוב(חנמ),,
שי,שרעבי,אורט אדיבי אשקלון,זכר,"תשפ""ד",2003-03-19,ירושלים,עיצוב שיער,,
נתנאל,חדד,מוצקין,זכר,"תשפ""ד",2004-09-12,אפרת,עיצוב שיער,,
אחמד,אזולאי,בית שאן,זכר,"תשפ""ג",2001-02-03,מבשרת ציון,עיצוב שיער,,
תומר,עבד אלחק,אורט אדיבי אשקלון,זכר,"תשפ""ד",2001-01-08,הר אדר,מערכות סיב````ם תיב````ם,2020-11-17,
עמית,בן דוד,עכו מרום,זכר,"תשפ""ה",2004-10-23,צור הדסה,מערכות סיב````ם תיב````ם,,
אדם,שרעבי,אורט אדיבי אשקלון,זכר,"תשפ""א",2003-12-11,אפרת,מחשבים,,
עומר,אשכנזי,ירושלים בית הערבה,זכר,"תשפ""ה",2000-12-09,אבן ספיר,מחשבים,,
הילה,טל,עכו מרום,נקבה,"תשפ""א",2000-03-26,אבן ספיר,,,
יעל,דוד,עכו מרום,נקבה,"תשפ""ג",2003-05-23,,,,2025-04-15
אדם,אלבז,אורט אדיבי אשקלון,זכר,"תשפ""א",2005-02-08,מעלה אדומים,תקשוב(חנמ),,
אלה,דהן,ירושלים בית הערבה,נקבה,"תשפ""ב",2001-12-09,מבשרת ציון,,,
נתנאל,אשכנזי,עכו מרום,זכר,"תשפ""ד",2007-02-28,גבעת זאב,עיצוב,,
דנה,ברק,מוצקין,נקבה,"תשפ""ג",2007-12-13,אפרת,תקשוב,,
אורי,עמר,עכו מרום,זכר,"תשע""ט",2004-01-16,מודיעין,אוטוטרוניקה,,
יונתן,זועבי,ירושלים בית הערבה,זכר,"תשפ""ה",2002-12-23,קרית יערים,מערכות הספק פיקוד ובקרה,,
עומר,זועבי,אורט אדיבי אשקלון,זכר,"תשפ""ג",2000-08-06,קרית יערים,תקשוב,,
ליאור,אגבאריה,ירושלים בית הערבה,זכר,"תשפ""ה",2005-02-06,גבעת זאב,מערכות סיב````ם תיב````ם,,
כרים,עבד אלחק,אורט אדיבי אשקלון,זכר,"תש""ף",2001-03-15,גבעת זאב,מערכות הספק פיקוד ובקרה,,
עידו,אשכנזי,ירושלים בית הערבה,זכר,"תשפ""ג",2003-07-26,גבע בנימין,מחשבים,,
אסף,מזרחי,אורט אדיבי אשקלון,זכר,"תשפ""ד",2000-01-19,הר אדר,תקשוב,,
נתנאל,נחום,עכו מרום,זכר,"תשפ""ה",2004-05-19,ירושלים,בישול מלונאי,,
אמל,נסראללה,ירושלים בית הערבה,נקבה,"תשפ""ד",2004-06-02,,אוטוטרוניקה,,
חסן,עבד אלחק,אורט אדיבי אשקלון,זכר,"תש""ף",2005-11-08,אפרת,מערכות סיב````ם תיב````ם,,
אמל,שפירא,עכו מרום,נקבה,"תשפ""ב",2002-01-15,מודיעין,אוטוטרוניקה,,
דניאל,מנסור,ירושלים בית הערבה,זכר,"תשפ""ג",2002-12-09,קרית יערים,התמחות יישומי אוטו-טק,,
עמית,טל,ירושלים בית הערבה,זכר,"תשפ""ג",2000-07-15,מודיעין,תקשוב(חנמ),,
בר,פרץ,אורט אדיבי אשקלון,זכר,"תשפ""ג",2006-08-22,צור הדסה,מערכות סיב````ם תיב````ם,,
כרים,אזולאי,עכו מרום,זכר,"תשפ""ג",2001-09-18,בית שמש,עיצוב שיער,,
אלון,שרעבי,עכו מרום,זכר,"תשפ""ה",2007-09-22,בית שמש,מחשבים,,
נטע,עמר,מוצקין,נקבה,"תשפ""ג",2001-11-17,אבן ספיר,,,
מתן,ברק,ירושלים בית הערבה,זכר,"תשפ""ד",2005-02-16,אפרת,עיצוב שיער,2024-02-15,
יהונתן,פרידמן,ירושלים בית הערבה,זכר,"תשפ""ד",2001-07-10,מבשרת ציון,אוטוטרוניקה,,
אורי,מזרחי,עכו מרום,זכר,"תשפ""ד",2004-03-26,קרית יערים,עיצוב,,
ספיר,מזרחי,אורט אדיבי אשקלון,נקבה,"תשפ""ה",2005-08-09,ירושלים,עיצוב(חנמ),,
נועה,שרעבי,אורט אדיבי אשקלון,נקבה,"תשפ""ה",2005-01-25,אפרת,תקשוב,,
מאיה,עטיה,מוצקין,נקבה,"תשפ""ב",2000-06-13,צור הדסה,,,
אמל,ביטון,אורט אדיבי אשקלון,נקבה,"תשפ""ג",2000-03-04,אבן ספיר,מחשבים,,
מוחמד,רוזן,ירושלים בית הערבה,זכר,"תשפ""ד",2007-11-05,גבעת זאב,,,
עידו,אזולאי,עכו מרום,,"תשפ""ה",2007-07-10,אפרת,תקשוב,,
נועם,גבאי,עכו מרום,זכר,"תשע""ט",2003-10-05,אבן ספיר,עיצוב שיער,,
רוני,סרסור,אורט אדיבי אשקלון,נקבה,"תשפ""ג",2001-10-10,גבע בנימין,התמחות יישומי אוטו-טק,,
סאמר,עטיה,אורט אדיבי אשקלון,זכר,"תשפ""ה",2002-01-25,אבן ספיר,תקשוב,,
עידו,עבד אלחק,ירושלים בית הערבה,זכר,"תשפ""ה",2006-09-16,גבע בנימין,מערכות הספק פיקוד ובקרה,,
הראל,ביטון,ירושלים בית הערבה,זכר,"תשפ""ה",2000-02-20,גבעת זאב,תקשוב(חנמ),,
ספיר,זכריה,ירושלים בית הערבה,נקבה,"תשפ""ה",2005-11-15,אבן ספיר,תקשוב,,
יעל,סעדה,עכו מרום,נקבה,"תש""ף",2002-10-12,צור הדסה,עיצוב שיער,,
רועי,אלבז,ירושלים בית הערבה,זכר,"תשפ""ב",2004-03-31,צור הדסה,תחזוקת מערכות מכניות,,
דנה,אלבז,עכו מרום,נקבה,"תשפ""ה",2005-11-26,הר אדר,מחשבים,,
אביב,סבג,צור ברק,זכר,"תשפ""ד",2002-05-16,אבן ספיר,תחזוקת מערכות מכניות,,
נתנאל,אוחיון,אורט אדיבי אשקלון,זכר,"תשפ""ד",2005-01-19,צור הדסה,תקשוב,,
אורי,אברהם,אורט אדיבי אשקלון,זכר,"תשפ""ד",2002-11-12,מודיעין,מחשבים,,
יונתן,סרסור,אורט אדיבי אשקלון,זכר,"תשפ""ב",2007-08-07,בית שמש,עיצוב שיער,,
אחמד,חטיב,בית שאן,זכר,"תש""ף",2006-04-15,גבעת זאב,עיצוב שיער,2021-07-03,
ריהאם,עמר,ירושלים בית הערבה,נקבה,"תשפ""א",2003-12-01,בית שמש,מערכות הספק פיקוד ובקרה,,
הדס,מלכה,אורט אדיבי אשקלון,נקבה,"תש""ף",2003-06-25,מעלה אדומים,התמחות יישומי אוטו-טק,,
סאמר,שפירא,אורט אדיבי אשקלון,זכר,"תשפ""ב",2004-02-25,ירושלים,יישומי עיצוב שיער וטיפוח החן,,
נועם,בן דוד,עכו מרום,זכר,"תשפ""ג",2001-11-16,,תחזוקת מערכות מכניות,,
אמל,נסראללה,ירושלים בית הערבה,נקבה,"תשפ""ג",2005-03-14,מעלה אדומים,עיצוב,,
יהונתן,אזולאי,אורט אדיבי אשקלון,זכר,"תשפ""ב",2004-09-09,גבעת זאב,אוטוטרוניקה,,
איתי,לוי,עכו מרום,זכר,"תשע""ט",2000-03-24,הר אדר,עיצוב,2019-03-11,
גיא,סבג,אורט אדיבי אשקלון,זכר,"תשפ""ה",2007-04-19,ירושלים,עיצוב,,
יעל,שפירא,אורט אדיבי אשקלון,נקבה,"תשפ""ד",2003-08-12,הר אדר,בישול מלונאי,,
סאמר,מלכה,ירושלים בית הערבה,זכר,"תשע""ט",2003-10-27,מודיעין,,,
ליאור,אזולאי,מוצקין,נקבה,"תשפ""ג",2001-08-06,צור הדסה,,,
ספיר,לוי,צור ברק,נקבה,"תשפ""ב",2001-05-31,בית שמש,,,
אריאל,פרידמן,אורט אדיבי אשקלון,זכר,"תשפ""ה",2005-02-16,אפרת,,,
ריהאם,שרעבי,אורט אדיבי אשקלון,נקבה,"תשפ""ג",2007-11-08,מבשרת ציון,אוטוטרוניקה,,
יוסף,חיים,ירושלים בית הערבה,זכר,"תשפ""ד",2007-06-08,גבעת זאב,תקשוב(חנמ),,
נדב,סלומון,אורט אדיבי אשקלון,זכר,"תשפ""ד",2000-07-04,גבעת זאב,תחזוקת מערכות מכניות,,
נדב,סבג,ירושלים בית הערבה,זכר,"תשפ""ג",2007-06-06,צור הדסה,מערכות תיכון וייצר באמצעות מחשב,,
כרים,חדד,אורט אדיבי אשקלון,זכר,"תשפ""ה",2002-05-01,מודיעין,אוטוטרוניקה,,
שי,חטיב,אורט אדיבי אשקלון,זכר,"תשפ""ב",2007-03-05,מעלה אדומים,אוטוטרוניקה,,
שי,עטיה,ירושלים בית הערבה,זכר,"תשפ""ב",2001-05-19,גבעת זאב,התמחות יישומי אוטו-טק,,
אור,שפירא,עכו מרום,נקבה,"תשפ""ה",2005-08-07,ירושלים,תקשוב(חנמ),,
בר,בן דוד,ירושלים בית הערבה,זכר,"תשפ""ה",2000-12-03,מעלה אדומים,עיצוב שיער,,
עידו,רוזן,ירושלים בית הערבה,זכר,"תשפ""ב",2002-11-17,מעלה אדומים,עיצוב שיער,,
אחמד,נחום,בית שאן,זכר,"תשפ""ב",2006-06-19,,,,
ריהאם,נחום,עכו מרום,נקבה,"תשפ""ה",2006-07-11,גבע בנימין,תחזוקת מערכות מכניות,,
אדם,ברק,אורט אדיבי אשקלון,זכר,"תשפ""ה",2004-06-25,בית שמש,עיצוב שיער,,
יעל,רוזן,אורט אדיבי אשקלון,,"תשפ""ב",2004-04-13,הר אדר,,,
מרים,לוי,אורט אדיבי אשקלון,נקבה,"תשפ""ג",2005-03-16,גבעת זאב,,,
יעל,חטיב,עכו מרום,נקבה,"תשפ""ג",2000-07-08,קרית יערים,מלונאות,,
יונתן,ביטון,עכו מרום,זכר,"תשפ""ד",2005-02-11,ירושלים,,,
שחר,חיים,עכו מרום,זכר,"תש""ף",2000-01-24,הר אדר,תחזוקת מערכות מכניות,,
אורי,לוי,ירושלים בית הערבה,זכר,"תשע""ט",2001-04-13,בית שמש,התמחות יישומי אוטו-טק,,
נדב,עטיה,אורט אדיבי אשקלון,זכר,"תשע""ט",2000-06-27,אבן ספיר,,2019-02-19,
יונתן,חיים,ירושלים בית הערבה,זכר,"תשפ""ב",2006-03-24,הר אדר,מלונאות,,
אדם,רוזן,עכו מרום,זכר,"תשפ""ד",2000-12-05,מעלה אדומים,תקשוב,,
רוני,כהן,בית שאן,נקבה,"תשפ""ה",2002-12-11,מבשרת ציון,אוטוטרוניקה,,
תומר,סבג,אורט אדיבי אשקלון,זכר,"תשפ""א",2007-03-03,אפרת,מלונאות,,
דניאל,מזרחי,עכו מרום,זכר,"תשפ""ב",2003-08-24,מודיעין,,2019-01-01,
לינוי,אלבז,אורט אדיבי אשקלון,נקבה,"תשפ""ה",2000-09-11,בית שמש,תחזוקת מערכות מכניות,,
הדס,בן דוד,ירושלים בית הערבה,נקבה,"תשפ""ג",2005-04-23,אפרת,מחשבים,,
יובל,אגבאריה,עכו מרום,זכר,"תשע""ט",2003-12-25,,עיצוב שיער,,
הילה,כהן,ירושלים בית הערבה,נקבה,"תשע""ח",2000-03-26,אבן ספיר,,,
יהונתן,קדוש,אורט אדיבי אשקלון,זכר,"תשפ""ג",2000-12-21,מודיעין,אוטוטרוניקה,2024-04-02,
אסף,סרסור,מוצקין,זכר,"תש""ף",2004-07-01,הר אדר,אוטוטרוניקה,,
עמית,טל,אורט אדיבי אשקלון,זכר,"תשפ""ב",2001-05-05,קרית יערים,התמחות יישומי אוטו-טק,,
עידו,מזרחי,ירושלים בית הערבה,זכר,"תשפ""ג",2005-05-20,ירושלים,עיצוב,,
מרים,פרץ,עכו מרום,נקבה,"תשפ""ה",2002-12-01,אבן ספיר,מחשבים,,
יוסף,אלבז,אורט אדיבי אשקלון,זכר,"תשפ""ג",2004-02-27,צור הדסה,התמחות יישומי אוטו-טק,,
יוסף,שרעבי,ירושלים בית הערבה,זכר,"תשפ""א",2000-04-04,מעלה אדומים,עיצוב(חנמ),,
אסף,ברק,ירושלים בית הערבה,זכר,"תשפ""ה",2001-03-24,ירושלים,תחזוקת מערכות מכניות,,
נטע,שרעבי,אורט אדיבי אשקלון,נקבה,"תשפ""ה",2002-04-16,גבע בנימין,מערכות סיב````ם תיב````ם,,
דנה,אגבאריה,אורט אדיבי אשקלון,נקבה,"תשפ""א",2007-05-26,מודיעין,מחשבים,,
סאמר,נסראללה,ירושלים בית הערבה,זכר,"תשפ""ד",2001-03-20,מודיעין,תחזוקת מערכות מכניות,,
עידו,חטיב,עכו מרום,זכר,"תש""ף",2007-10-12,מבשרת ציון,מסגרות מבנים,,
תמר,סבג,בית שאן,נקבה,"תשפ""ג",2006-07-25,מודיעין,מערכות סיב````ם תיב````ם,2022-03-19,
אביב,מזרחי,ירושלים בית הערבה,זכר,"תשפ""ה",2006-11-25,גבעת זאב,תקשוב(חנמ),,
מרים,רוזן,ירושלים בית הערבה,נקבה,"תש""ף",2005-08-18,צור הדסה,מחשבים,,
רועי,עטיה,ירושלים בית הערבה,זכר,"תשפ""ה",2007-02-25,הר אדר,,,
אביב,לוי,מוצקין,זכר,"תשפ""ג",2000-11-22,גבע בנימין,התמחות יישומי אוטו-טק,,
יונתן,זכריה,מוצקין,זכר,"תשפ""ה",2000-01-25,קרית יערים,מחשבים,,
נועה,לוי,ירושלים בית הערבה,נקבה,"תשפ""ב",2002-11-12,קרית יערים,עיצוב(חנמ),,
נתנאל,ברק,עכו מרום,זכר,"תשפ""ה",2003-06-18,צור הדסה,תקשוב,,
אמל,זכריה,עכו מרום,נקבה,"תשפ""א",2006-04-05,ירושלים,עיצוב שיער,,
בר,סעדה,אורט אדיבי אשקלון,זכר,"תשע""ט",2006-07-11,אבן ספיר,מחשבים,,
עומר,סלומון,עכו מרום,זכר,"תשע""ח",2003-02-24,מבשרת ציון,תקשוב,,
רן,סלומון,עכו מרום,זכר,"תשע""ט",2007-10-04,ירושלים,מערכות סיב````ם תיב````ם,,
רועי,חיים,עכו מרום,זכר,"תשפ""ב",2004-10-15,צור הדסה,עיצוב שיער,,2027-05-05
מאיה,דהן,עכו מרום,נקבה,"תשפ""ג",2007-11-19,צור הדסה,מערכות הספק פיקוד ובקרה,,
יובל,פרץ,אורט אדיבי אשקלון,זכר,"תשפ""ב",2000-07-19,בית שמש,מחשבים,,
דנה,קדוש,ירושלים בית הערבה,נקבה,"תשפ""ה",2005-06-07,ירושלים,אוטוטרוניקה,,
שירה,ביטון,אורט אדיבי אשקלון,נקבה,"תש""ף",2006-05-11,הר אדר,יישומי עיצוב שיער וטיפוח החן,,
כרים,דוד,ירושלים בית הערבה,זכר,"תשפ""ד",2003-10-09,צור הדסה,,,
גיא,נסראללה,צור ברק,זכר,"תשפ""ה",2007-04-09,הר אדר,מסגרות מבנים,,
עדי,נחום,ירושלים בית הערבה,נקבה,"תשע""ט",2004-07-21,הר אדר,בישול מלונאי,,
עדי,חטיב,אורט אדיבי אשקלון,נקבה,"תשפ""ד",2004-11-11,אפרת,עיצוב(חנמ),,
אביב,ברק,עכו מרום,זכר,"תשע""ח",2000-07-31,הר אדר,מחשבים,2020-07-08,
אלון,סבג,ירושלים בית הערבה,זכר,"תשפ""א",2001-06-30,קרית יערים,מחשבים,2019-08-03,
אמל,נסראללה,מוצקין,נקבה,"תשפ""ב",2004-05-07,בית שמש,אוטוטרוניקה,,
דנה,נסראללה,צור ברק,נקבה,"תש""ף",2000-05-26,אבן ספיר,אוטוטרוניקה,,
יוסף,סלומון,אורט אדיבי אשקלון,זכר,,2003-01-11,גבע בנימין,תקשוב,,
אדם,זכריה,ירושלים בית הערבה,זכר,"תשפ""א",2006-07-08,מעלה אדומים,עיצוב שיער,2023-01-01,
נועה,מלכה,בית שאן,נקבה,"תשע""ט",2000-03-24,מעלה אדומים,אוטוטרוניקה,,
עמית,נסראללה,אורט אדיבי אשקלון,זכר,"תשפ""ה",2007-03-19,גבעת זאב,מערכות תיכון וייצר באמצעות מחשב,,
יונתן,סרסור,ירושלים בית הערבה,זכר,"תשע""ט",2001-02-18,הר אדר,עיצוב שיער,,
מרים,חדד,ירושלים בית הערבה,נקבה,"תשפ""ג",2006-05-02,ירושלים,תקשוב,,
רועי,עמר,בית שאן,זכר,"תשפ""ה",2007-06-26,קרית יערים,אוטוטרוניקה,,
רוני,נסראללה,ירושלים בית הערבה,נקבה,"תשפ""ג",2002-05-02,אבן ספיר,אוטוטרוניקה,,
הדס,זועבי,ירושלים בית הערבה,נקבה,"תש""ף",2000-07-16,גבע בנימין,אוטוטרוניקה,,
אור,מלכה,צור ברק,נקבה,"תשפ""ב",2002-11-07,אפרת,אוטוטרוניקה,,
ליאור,עבד אלחק,צור ברק,זכר,"תשפ""ד",2000-09-12,אבן ספיר,תקשוב(חנמ),,
אסף,נסראללה,אורט אדיבי אשקלון,זכר,"תשפ""ד",2005-11-22,,התמחות יישומי אוטו-טק,,
ליאור,טל,ירושלים בית הערבה,זכר,"תשפ""ד",2003-05-26,אפרת,תקשוב(חנמ),,
עלי,לוי,עכו מרום,זכר,"תשפ""ד",2001-08-02,מעלה אדומים,תקשוב,,
עמית,ביטון,אורט אדיבי אשקלון,זכר,"תשפ""ה",2002-10-18,גבע בנימין,התמחות יישומי אוטו-טק,,
מאיה,עבד אלחק,עכו מרום,נקבה,"תש""ף",2003-11-06,מודיעין,עיצוב,,
מאיה,מלכה,מוצקין,נקבה,"תשפ""ב",2005-06-08,הר אדר,תחזוקת מערכות מכניות(חנמ),,
כרים,אזולאי,עכו מרום,זכר,"תשפ""ד",2002-12-20,מעלה אדומים,תחזוקת מערכות מכניות,,
נועם,דהן,אורט אדיבי אשקלון,זכר,"תשפ""א",,אפרת,תחזוקת מערכות מכניות,,
ספיר,נסראללה,מוצקין,נקבה,"תשפ""ד",2000-04-17,אפרת,אוטוטרוניקה,,
דועא,סבג,בית שאן,נקבה,"תש""ף",2004-02-21,קרית יערים,תקשוב,,
מאיה,קדוש,צור ברק,נקבה,"תשפ""ג",2002-01-06,גבע בנימין,תקשוב,,
כרים,חטיב,ירושלים בית הערבה,זכר,"תש""ף",2001-07-12,מודיעין,תקשוב,,
אסף,מלכה,אורט אדיבי אשקלון,זכר,"תשפ""א",2005-06-24,בית שמש,בישול מלונאי,2020-02-13,
מאהר,שרעבי,אורט אדיבי אשקלון,זכר,"תשפ""ג",2001-11-15,ירושלים,עיצוב שיער,,
עדי,גבאי,עכו מרום,נקבה,"תשפ""ה",2005-04-09,מבשרת ציון,מחשבים,,
אחמד,עבד אלחק,אורט אדיבי אשקלון,זכר,"תשפ""ד",2000-11-20,אפרת,עיצוב,,
נועה,סעדה,צור ברק,נקבה,"תשפ""ה",2004-08-08,בית שמש,מערכות הספק פיקוד ובקרה,,
אחמד,זכריה,עכו מרום,זכר,"תשפ""ב",2007-03-15,קרית יערים,עיצוב,,
אסף,נסראללה,צור ברק,זכר,"תשפ""ה",2003-12-22,גבע בנימין,תקשוב,,
דועא,זכריה,ירושלים בית הערבה,נקבה,"תשפ""ג",2006-12-31,מעלה אדומים,,,
ליאור,מנסור,עכו מרום,זכר,"תשפ""ה",2000-09-27,אפרת,תחזוקת מערכות מכניות,,
אביב,פרידמן,אורט אדיבי אשקלון,זכר,"תשפ""ד",2003-11-19,גבע בנימין,יישומי עיצוב שיער וטיפוח החן,,
נועם,פרץ,עכו מרום,זכר,"תשפ""ד",2007-08-25,מעלה אדומים,יישומי עיצוב שיער וטיפוח החן,,
סלמא,זכריה,עכו מרום,נקבה,"תשפ""ה",2007-01-20,גבע בנימין,עיצוב,,
אסף,חדד,ירושלים בית הערבה,זכר,"תשפ""ד",2004-03-18,ירושלים,עיצוב שיער,,
מאהר,סלומון,עכו מרום,זכר,"תשפ""א",2003-01-10,גבע בנימין,מחשבים,,
שחר,עטיה,ירושלים בית הערבה,זכר,"תש""ף",2006-01-22,ירושלים,מלונאות,,
אחמד,שפירא,עכו מרום,זכר,"תשפ""ה",2001-12-23,גבעת זאב,מחשבים,,
רן,אגבאריה,ירושלים בית הערבה,זכר,"תשע""ח",2003-06-05,הר אדר,התמחות יישומי אוטו-טק,,
נטע,בן דוד,עכו מרום,נקבה,"תשפ""ג",2007-02-06,ירושלים,עיצוב שיער,,
איתי,רוזן,מוצקין,זכר,"תשפ""ה",2001-06-13,אבן ספיר,מחשבים,,
אלון,חטיב,מוצקין,זכר,"תשפ""ב",2007-03-24,מבשרת ציון,,,
כרים,מזרחי,ירושלים בית הערבה,זכר,"תשפ""ד",2000-05-10,גבעת זאב,התמחות יישומי אוטו-טק(חנמ),,
טל,נחום,ירושלים בית הערבה,נקבה,"תשפ""ד",2005-02-03,קרית יערים,אוטוטרוניקה,,
יובל,פרידמן,בית שאן,זכר,"תשפ""ג",2004-05-20,גבעת זאב,עיצוב,,
נור,נסראללה,עכו מרום,נקבה,"תשפ""ב",2001-10-05,אבן ספיר,אוטוטרוניקה,,
נועם,סעדה,בית שאן,זכר,"תש""ף",2002-01-15,מעלה אדומים,תחזוקת מערכות מכניות,,
רוני,פרידמן,בית שאן,נקבה,"תשפ""ג",2001-04-03,גבעת זאב,מערכות הספק פיקוד ובקרה,,
שירה,נחום,ירושלים בית הערבה,נקבה,"תשפ""א",2006-10-04,מבשרת ציון,,2023-01-27,
סאמר,דוד,צור ברק,זכר,"תשפ""ב",2001-01-09,מבשרת ציון,,,
אדם,שפירא,ירושלים בית הערבה,זכר,"תשע""ח",2007-10-19,גבע בנימין,,,
אחמד,קדוש,מוצקין,זכר,"תשע""ט",2006-11-10,קרית יערים,עיצוב שיער,,
עידו,סלומון,מוצקין,זכר,"תשע""ט",2000-09-13,מעלה אדומים,התמחות יישומי אוטו-טק,,
ליאור,אלבז,צור ברק,נקבה,"תש""ף",2006-12-05,,יישומי עיצוב שיער וטיפוח החן,,
אריאל,חטיב,ירושלים בית הערבה,זכר,"תשפ""ג",2001-01-09,צור הדסה,עיצוב(חנמ),,
מוחמד,ברק,מוצקין,זכר,"תשפ""ג",2006-02-11,מודיעין,אוטוטרוניקה,,
חסן,חיים,ירושלים בית הערבה,זכר,"תשפ""א",2002-06-26,הר אדר,מחשבים,,
רועי,פרידמן,אורט אדיבי אשקלון,זכר,"תשפ""ד",2005-11-14,מבשרת ציון,אוטוטרוניקה,,
יעל,אגבאריה,ירושלים בית הערבה,נקבה,"תשפ""ה",2000-10-12,אבן ספיר,מערכות הספק פיקוד ובקרה,2023-07-27,
אביגיל,קדוש,עכו מרום,נקבה,"תשפ""ד",2000-08-24,הר אדר,עיצוב שיער,,
נועם,ברק,עכו מרום,זכר,"תשפ""ג",2005-04-24,גבע בנימין,אוטוטרוניקה,2024-02-29,
מוחמד,לוי,ירושלים בית הערבה,זכר,"תשע""ט",2004-01-04,בית שמש,התמחות יישומי אוטו-טק,,
דנה,זועבי,ירושלים בית הערבה,נקבה,"תש""ף",2001-11-24,בית שמש,יישומי עיצוב שיער וטיפוח החן(חנמ),,
נדב,זועבי,ירושלים בית הערבה,זכר,"תשפ""ג",2001-01-20,מבשרת ציון,אוטוטרוניקה,,
אביב,לוי,עכו מרום,זכר,"תשפ""ג",2005-05-27,בית שמש,מערכות תיכון וייצר באמצעות מחשב,,
ריהאם,פרץ,אורט אדיבי אשקלון,נקבה,"תשפ""ה",2002-06-26,מבשרת ציון,,,
אור,אברהם,ירושלים בית הערבה,נקבה,"תשפ""ד",2006-06-13,גבע בנימין,עיצוב שיער,,
רועי,זכריה,עכו מרום,זכר,"תשפ""ג",2004-10-21,מבשרת ציון,מסגרות מבנים,,
מאיה,אגבאריה,ירושלים בית הערבה,נקבה,"תשפ""ד",2003-07-31,צור הדסה,מחשבים,,
אריאל,סרסור,אורט אדיבי אשקלון,זכר,"תשע""ח",2006-07-14,מבשרת ציון,,,
עלי,ביטון,אורט אדיבי אשקלון,זכר,"תשפ""ד",2001-07-16,בית שמש,מערכות תיכון וייצר באמצעות מחשב,,
נטע,פרידמן,עכו מרום,נקבה,"תשפ""ה",2004-03-23,צור הדסה,מחשבים,,
עומר,רוזן,עכו מרום,זכר,"תשפ""ד",2002-01-16,קרית יערים,מחשבים,2025-05-18,
מתן,אברהם,ירושלים בית הערבה,זכר,"תש""ף",2007-07-23,הר אדר,מחשבים,,
איתי,אגבאריה,ירושלים בית הערבה,זכר,"תשפ""ב",2006-11-13,,עיצוב(חנמ),,
אמל,סרסור,ירושלים בית הערבה,נקבה,"תשפ""ב",2007-01-31,הר אדר,,,
נדב,נחום,אורט אדיבי אשקלון,זכר,"תשפ""א",2003-06-04,צור הדסה,מחשבים,,
ליאור,דהן,בית שאן,זכר,"תשפ""א",2000-05-01,ירושלים,תקשוב(חנמ),,
אלעד,אשכנזי,בית שאן,זכר,"תשפ""ה",2004-03-13,גבע בנימין,התמחות יישומי אוטו-טק,,
נטע,חדד,ירושלים בית הערבה,נקבה,"תשפ""ה",2002-05-21,מודיעין,תחזוקת מערכות מכניות,,
אסף,עבד אלחק,ירושלים בית הערבה,זכר,"תשפ""א",2005-03-06,בית שמש,מחשבים,,
נתנאל,סעדה,מוצקין,זכר,"תשפ""ג",2000-12-25,גבע בנימין,תקשוב(חנמ),,
דניאל,שרעבי,מוצקין,זכר,"תשפ""ה",2007-08-13,מעלה אדומים,אוטוטרוניקה,,
מתן,דהן,אורט אדיבי אשקלון,זכר,"תשפ""ב",2000-01-04,מבשרת ציון,תחזוקת מערכות מכניות(חנמ),,
חסן,חדד,אורט אדיבי אשקלון,זכר,"תשפ""ה",2007-06-22,מבשרת ציון,התמחות יישומי אוטו-טק,,
יהונתן,אזולאי,אורט אדיבי אשקלון,זכר,"תשפ""ד",2001-06-05,אפרת,עיצוב(חנמ),2019-07-12,
הילה,סעדה,צור ברק,נקבה,"תשפ""ג",2003-09-23,אפרת,עיצוב שיער,,
ליאור,זועבי,ירושלים בית הערבה,זכר,"תשע""ט",2007-05-13,בית שמש,תחזוקת מערכות מכניות,,
ליאור,סעדה,ירושלים בית הערבה,זכר,"תשפ""ב",2006-02-10,אבן ספיר,מחשבים,,
אביב,נסראללה,אורט אדיבי אשקלון,זכר,"תשע""ח",2002-03-09,אבן ספיר,תחזוקת מערכות מכניות,,
גיא,דוד,אורט אדיבי אשקלון,זכר,"תשפ""ד",2002-07-01,קרית יערים,מחשבים,,
איתי,סעדה,צור ברק,זכר,"תשפ""ג",2003-06-16,אפרת,עיצוב,2022-08-17,
נתנאל,ביטון,ירושלים בית הערבה,זכר,"תשפ""ג",2001-06-17,מעלה אדומים,תחזוקת מערכות מכניות(חנמ),,
אסף,סרסור,אורט אדיבי אשקלון,זכר,"תשע""ח",2002-06-11,מודיעין,,,
יונתן,חטיב,ירושלים בית הערבה,זכר,"תשפ""ד",2001-05-31,אבן ספיר,התמחות יישומי אוטו-טק,,
אלעד,אשכנזי,בית שאן,זכר,"תשפ""ד",2007-09-05,גבעת זאב,אוטוטרוניקה,,
רן,זכריה,מוצקין,זכר,"תש""ף",2000-08-22,גבעת זאב,,,
שי,גבאי,בית שאן,זכר,"תשפ""ג",2001-04-25,,התמחות יישומי אוטו-טק,,
שי,קדוש,ירושלים בית הערבה,זכר,"תשע""ט",2007-07-17,מודיעין,עיצוב שיער,,
עומר,סרסור,ירושלים בית הערבה,זכר,"תשע""ח",2002-12-02,מעלה אדומים,מחשבים,,
אחמד,עבד אלחק,ירושלים בית הערבה,זכר,"תשפ""ב",2004-02-09,מעלה אדומים,יישומי עיצוב שיער וטיפוח החן,,
יובל,ביטון,אורט אדיבי אשקלון,זכר,"תשפ""ד",2001-05-27,צור הדסה,התמחות יישומי אוטו-טק,,
מאיה,אזולאי,ירושלים בית הערבה,נקבה,"תשפ""ב",2001-01-04,בית שמש,יישומי עיצוב שיער וטיפוח החן,,
אלעד,אגבאריה,ירושלים בית הערבה,זכר,"תשפ""ג",2004-04-19,קרית יערים,תחזוקת מערכות מכניות(חנמ),,
יעל,חיים,מוצקין,נקבה,"תשפ""ה",2007-04-23,הר אדר,,2021-05-18,
נתנאל,ברק,אורט אדיבי אשקלון,זכר,"תשפ""א",2002-01-03,צור הדסה,,,
יוסף,קדוש,עכו מרום,זכר,"תשפ""ב",2007-02-03,אבן ספיר,,2022-07-04,
רוני,אזולאי,בית שאן,נקבה,"תשע""ח",2005-06-06,מבשרת ציון,מערכות סיב````ם תיב````ם,,
בר,אגבאריה,אורט אדיבי אשקלון,זכר,"תשפ""ד",2004-05-21,גבעת זאב,תקשוב,,
עידו,חדד,עכו מרום,זכר,"תשפ""ד",2005-03-25,גבע בנימין,מערכות סיב````ם תיב````ם,,
אסף,אברהם,ירושלים בית הערבה,זכר,"תשפ""ד",2006-05-26,צור הדסה,יישומי עיצוב שיער וטיפוח החן,,
יהונתן,קדוש,צור ברק,זכר,"תשפ""ד",2006-06-22,קרית יערים,,,
לינוי,קדוש,ירושלים בית הערבה,נקבה,"תשפ""ד",2007-03-01,קרית יערים,מערכות הספק פיקוד ובקרה,,
הדס,כהן,ירושלים בית הערבה,נקבה,"תשפ""ד",2006-07-27,צור הדסה,עיצוב(חנמ),2024-11-15,
אלעד,דהן,עכו מרום,זכר,"תשפ""א",2003-08-04,אבן ספיר,יישומי עיצוב שיער וטיפוח החן,,
יעל,ביטון,ירושלים בית הערבה,נקבה,"תשפ""א",2001-01-19,גבע בנימין,מחשבים,,
מוחמד,כהן,אורט אדיבי אשקלון,זכר,"תשפ""ה",2003-11-05,בית שמש,תחזוקת מערכות מכניות,2024-08-06,
אלעד,נחום,עכו מרום,זכר,"תשפ""ג",2005-05-07,,,,
שחר,נחום,ירושלים בית הערבה,זכר,"תשפ""ב",2007-03-17,קרית יערים,בישול מלונאי,,
מרים,בן דוד,ירושלים בית הערבה,נקבה,"תשפ""ד",2004-06-07,מעלה אדומים,עיצוב שיער,2025-09-12,
עידו,בן דוד,מוצקין,זכר,"תשפ""א",2006-05-23,גבעת זאב,תקשוב,,
יוסף,אלבז,אורט אדיבי אשקלון,זכר,"תשע""ט",2000-02-29,מבשרת ציון,תחזוקת מערכות מכניות,,
דניאל,קדוש,עכו מרום,זכר,"תשפ""ג",2006-05-20,מודיעין,,,
נועה,עטיה,אורט אדיבי אשקלון,נקבה,"תשפ""ג",2000-08-25,מבשרת ציון,תקשוב(חנמ),2019-03-12,
רועי,סבג,ירושלים בית הערבה,זכר,"תשפ""ה",2006-11-17,מודיעין,,,
נטע,עמר,ירושלים בית הערבה,נקבה,"תשע""ח",2003-09-05,הר אדר,אוטוטרוניקה,,
עמית,חדד,אורט אדיבי אשקלון,זכר,"תשע""ח",2002-10-15,אפרת,,,
רועי,טל,ירושלים בית הערבה,זכר,"תשפ""ב",2004-10-04,מבשרת ציון,מערכות תיכון וייצר באמצעות מחשב,,
אלון,ברק,בית שאן,זכר,"תשפ""ד",2003-03-03,אבן ספיר,מערכות תיכון וייצר באמצעות מחשב,,
יובל,סבג,ירושלים בית הערבה,זכר,"תשפ""ד",2001-07-21,אפרת,מחשבים,,
יובל,עטיה,ירושלים בית הערבה,זכר,"תשפ""ה",2003-05-01,מעלה אדומים,תחזוקת מערכות מכניות,,
שירה,זכריה,עכו מרום,נקבה,"תשפ""ג",2007-05-07,גבעת זאב,אוטוטרוניקה,,
בר,אגבאריה,צור ברק,זכר,"תשפ""ב",2000-08-24,אבן ספיר,עיצוב שיער,,
עידו,דוד,עכו מרום,זכר,"תשפ""ג",2007-10-03,גבעת זאב,,2021-06-10,
ניצן,מלכה,אורט אדיבי אשקלון,נקבה,"תשפ""ד",2004-08-27,מבשרת ציון,,,
דועא,ברק,עכו מרום,נקבה,"תשע""ח",2001-11-26,בית שמש,עיצוב(חנמ),,
ניצן,דוד,עכו מרום,נקבה,"תשפ""ב",2003-08-22,גבע בנימין,התמחות יישומי אוטו-טק,,
שקד,רוזן,אורט אדיבי אשקלון,נקבה,"תשפ""א",2003-11-05,הר אדר,אוטוטרוניקה,2024-04-30,
עומר,נחום,אורט אדיבי אשקלון,זכר,"תשפ""ד",2007-11-14,צור הדסה,תחזוקת מערכות מכניות,,
עדי,סלומון,ירושלים בית הערבה,נקבה,"תש""ף",2006-02-17,אבן ספיר,,,
רועי,פרידמן,ירושלים בית הערבה,זכר,"תשפ""ה",2002-05-19,,בישול מלונאי,,
מאהר,שרעבי,עכו מרום,זכר,"תשפ""ד",2003-01-13,גבעת זאב,מערכות סיב````ם תיב````ם,,
נטע,שפירא,ירושלים בית הערבה,נקבה,"תשפ""ג",2007-02-23,גבע בנימין,,,
יובל,עבד אלחק,מוצקין,זכר,"תשפ""ג",2006-04-13,צור הדסה,תקשוב,,
עלי,גבאי,עכו מרום,זכר,"תשע""ח",2000-11-07,בית שמש,עיצוב שיער,,
יהונתן,אגבאריה,ירושלים בית הערבה,זכר,"תשפ""ד",2000-11-17,מעלה אדומים,אוטוטרוניקה,,
דניאל,אוחיון,עכו מרום,זכר,"תשע""ט",2007-01-03,מבשרת ציון,אוטוטרוניקה,,
אדם,נסראללה,צור ברק,זכר,"תשפ""ה",2001-03-05,גבע בנימין,מלונאות,,
אדם,נחום,עכו מרום,זכר,"תשפ""ב",2000-04-11,,תחזוקת מערכות מכניות(חנמ),,
דניאל,רוזן,אורט אדיבי אשקלון,זכר,"תשפ""ב",2007-02-17,צור הדסה,תחזוקת מערכות מכניות,,
אסף,טל,אורט אדיבי אשקלון,זכר,"תשפ""א",2007-01-17,קרית יערים,תקשוב(חנמ),,
הילה,מלכה,אורט אדיבי אשקלון,נקבה,"תש""ף",2007-05-27,מבשרת ציון,מערכות הספק פיקוד ובקרה,,
אסף,אוחיון,ירושלים בית הערבה,זכר,"תשפ""ג",2002-12-21,ירושלים,אוטוטרוניקה,,
תומר,מלכה,עכו מרום,זכר,"תשפ""ה",2005-10-07,מבשרת ציון,מערכות הספק פיקוד ובקרה,2023-08-18,
אסף,רוזן,אורט אדיבי אשקלון,זכר,"תשפ""ד",2003-04-11,גבע בנימין,מחשבים,,
ריהאם,כהן,ירושלים בית הערבה,נקבה,"תשפ""ב",2004-06-09,מבשרת ציון,יישומי עיצוב שיער וטיפוח החן,,
אורי,טל,ירושלים בית הערבה,זכר,"תשפ""ה",2001-10-14,אבן ספיר,התמחות יישומי אוטו-טק,2024-07-25,
אריאל,חדד,אורט אדיבי אשקלון,זכר,"תשע""ח",2002-09-27,בית שמש,מחשבים,,
מאיה,נחום,בית שאן,נקבה,"תשפ""ד",2000-02-13,,אוטוטרוניקה,,
נתנאל,מנסור,ירושלים בית הערבה,זכר,"תשע""ט",2002-06-25,אפרת,תחזוקת מערכות מכניות(חנמ),,
דניאל,דוד,ירושלים בית הערבה,זכר,"תשפ""א",2005-05-16,ירושלים,מערכות תיכון וייצר באמצעות מחשב,,
מאיה,קדוש,ירושלים בית הערבה,נקבה,"תשפ""ד",2005-04-02,מבשרת ציון,מחשבים,,
יוסף,כהן,ירושלים בית הערבה,זכר,"תשפ""ד",2005-07-19,ירושלים,עיצוב(חנמ),,
יונתן,סרסור,צור ברק,זכר,"תשפ""ב",2004-12-20,צור הדסה,מחשבים,,
מתן,מנסור,ירושלים בית הערבה,זכר,"תשפ""ה",,קרית יערים,מחשבים,,
דניאל,מנסור,ירושלים בית הערבה,זכר,"תשפ""א",2001-04-16,גבעת זאב,תקשוב(חנמ),,
שי,חטיב,אורט אדיבי אשקלון,זכר,"תשפ""ד",2003-11-21,צור הדסה,אוטוטרוניקה,,
מאהר,עטיה,עכו מרום,זכר,"תשפ""ה",2007-01-19,מבשרת ציון,מחשבים,2020-05-12,
הילה,חדד,עכו מרום,נקבה,"תשפ""ג",2001-02-23,בית שמש,,,
ניצן,אלבז,ירושלים בית הערבה,נקבה,"תשפ""ב",2004-10-12,מודיעין,תקשוב,,
נועם,פרץ,בית שאן,זכר,"תשפ""ד",2004-04-25,מודיעין,התמחות יישומי אוטו-טק,,
אסף,עמר,ירושלים בית הערבה,זכר,"תשפ""ג",2002-12-01,קרית יערים,מחשבים,,
נועה,חדד,ירושלים בית הערבה,נקבה,"תשפ""א",2003-05-05,צור הדסה,מחשבים,,
עומר,חיים,עכו מרום,זכר,,2002-07-11,גבעת זאב,תקשוב(חנמ),,
מוחמד,חטיב,ירושלים בית הערבה,זכר,"תשפ""ב",2002-02-13,הר אדר,אוטוטרוניקה,,
דניאל,עמר,אורט אדיבי אשקלון,זכר,"תשפ""א",2000-06-30,הר אדר,תקשוב(חנמ),,
רותם,קדוש,ירושלים בית הערבה,נקבה,"תשפ""ה",2006-07-06,בית שמש,,,
חסן,פרידמן,ירושלים בית הערבה,זכר,"תשפ""ה",2007-05-04,אפרת,מערכות סיב````ם תיב````ם,,
מאהר,עטיה,ירושלים בית הערבה,זכר,"תשפ""ב",2005-06-05,גבע בנימין,אוטוטרוניקה,2019-03-18,
תמר,אגבאריה,עכו מרום,נקבה,"תשפ""ד",2007-12-05,אבן ספיר,עיצוב שיער,,
חסן,רוזן,עכו מרום,זכר,"תשפ""ב",2000-01-07,אבן ספיר,עיצוב,,
חסן,עבד אלחק,בית שאן,זכר,"תשפ""ה",2005-08-03,מבשרת ציון,,,
נדב,דוד,ירושלים בית הערבה,זכר,"תשפ""ה",2004-11-01,גבע בנימין,עיצוב,,
נטע,רוזן,אורט אדיבי אשקלון,נקבה,"תשפ""ב",2003-11-04,קרית יערים,עיצוב שיער,,
טל,נסראללה,ירושלים בית הערבה,נקבה,"תשפ""ה",2005-10-22,קרית יערים,תקשוב,,
יהונתן,סרסור,ירושלים בית הערבה,זכר,"תשפ""ג",2000-05-17,צור הדסה,עיצוב שיער,,
חסן,סבג,אורט אדיבי אשקלון,זכר,"תש""ף",2000-12-07,הר אדר,תחזוקת מערכות מכניות,,
ניצן,סבג,ירושלים בית הערבה,נקבה,"תשע""ט",2000-10-21,קרית יערים,מערכות סיב````ם תיב````ם,,
מאיה,אברהם,בית שאן,נקבה,"תשפ""ב",2000-03-02,מעלה אדומים,תקשוב,,
אחמד,עבד אלחק,ירושלים בית הערבה,זכר,"תשפ""ב",2000-07-23,ירושלים,תקשוב,,
דניאל,נסראללה,ירושלים בית הערבה,זכר,"תשפ""ד",2002-11-17,ירושלים,מחשבים,,
יעל,סרסור,ירושלים בית הערבה,נקבה,"תשע""ט",2007-01-26,מודיעין,מערכות תיכון וייצר באמצעות מחשב,,
בר,גבאי,ירושלים בית הערבה,זכר,"תשפ""ה",2001-04-24,,אוטוטרוניקה,,
מיכל,מזרחי,עכו מרום,נקבה,"תשפ""ה",2006-09-04,גבע בנימין,מחשבים,,
כרים,ביטון,אורט אדיבי אשקלון,זכר,"תשפ""ד",2006-09-10,מודיעין,עיצוב שיער,,
רוני,אלבז,בית שאן,נקבה,"תשפ""ב",2004-09-10,אבן ספיר,תקשוב(חנמ),,
יוסף,כהן,עכו מרום,זכר,"תש""ף",2001-06-27,גבעת זאב,עיצוב שיער,,
אביב,טל,אורט אדיבי אשקלון,זכר,"תשע""ח",2007-11-26,ירושלים,עיצוב שיער,,
חסן,סעדה,מוצקין,זכר,"תשע""ט",2005-05-01,אבן ספיר,,,
שי,אלבז,אורט אדיבי אשקלון,זכר,"תשפ""א",2007-01-22,צור הדסה,תחזוקת מערכות מכניות,,
רועי,אוחיון,מוצקין,זכר,"תשפ""ב",2000-12-23,הר אדר,עיצוב שיער,2021-02-21,
מאהר,קדוש,ירושלים בית הערבה,זכר,"תשפ""ב",2006-08-12,מודיעין,מערכות סיב````ם תיב````ם,,
חסן,סעדה,ירושלים בית הערבה,זכר,"תשפ""ג",2004-01-12,גבע בנימין,מערכות תיכון וייצר באמצעות מחשב,,
תומר,אזולאי,ירושלים בית הערבה,זכר,"תשפ""ה",2001-01-25,ירושלים,מערכות תיכון וייצר באמצעות מחשב,,
איתי,אברהם,אורט אדיבי אשקלון,זכר,"תשע""ח",2001-03-14,בית שמש,עיצוב שיער,,
סאמר,נסראללה,בית שאן,זכר,"תשפ""ה",2005-11-01,מעלה אדומים,מחשבים,,
רן,סבג,מוצקין,זכר,"תשפ""ה",2000-01-16,מודיעין,מחשבים,,
אלון,חיים,עכו מרום,זכר,"תשפ""א",2000-03-17,צור הדסה,עיצוב,,
אלון,חטיב,עכו מרום,זכר,"תשע""ח",2003-06-06,מודיעין,תחזוקת מערכות מכניות(חנמ),,
אלעד,אגבאריה,מוצקין,זכר,"תשפ""ה",2007-07-07,ירושלים,,2023-01-20,
אביב,זכריה,אורט אדיבי אשקלון,זכר,"תשע""ט",2002-03-03,הר אדר,מחשבים,2024-02-24,
נטע,זכריה,צור ברק,נקבה,"תשפ""ב",2003-04-15,צור הדסה,תקשוב,,
רועי,סעדה,אורט אדיבי אשקלון,זכר,"תש""ף",2001-06-05,אפרת,,,
כרים,פרץ,עכו מרום,זכר,"תשפ""ג",2006-02-22,קרית יערים,עיצוב שיער,,
סאמר,אגבאריה,עכו מרום,זכר,"תשפ""א",2005-08-18,אפרת,,,
מרים,טל,אורט אדיבי אשקלון,נקבה,"תשפ""ד",2001-04-04,ירושלים,התמחות יישומי אוטו-טק,,
יוסף,אוחיון,ירושלים בית הערבה,זכר,"תשפ""ב",2003-10-16,צור הדסה,עיצוב שיער,,
יונתן,מלכה,ירושלים בית הערבה,זכר,"תשפ""א",2002-02-23,ירושלים,,,
מיכל,מנסור,ירושלים בית הערבה,נקבה,"תשפ""ד",2000-02-15,צור הדסה,תחזוקת מערכות מכניות,,
אביב,עמר,אורט אדיבי אשקלון,זכר,"תשפ""ד",2003-06-20,צור הדסה,מחשבים,,
רועי,זכריה,ירושלים בית הערבה,זכר,"תשפ""ה",2007-06-07,ירושלים,מחשבים,2021-02-09,
שחר,שרעבי,ירושלים בית הערבה,זכר,"תשפ""ד",2003-11-09,צור הדסה,אוטוטרוניקה,2023-08-06,
דניאל,מנסור,אורט אדיבי אשקלון,זכר,"תשפ""א",2000-03-27,אבן ספיר,תקשוב,,
מתן,פרידמן,אורט אדיבי אשקלון,זכר,"תש""ף",2006-03-18,בית שמש,עיצוב שיער,,
אסף,שרעבי,ירושלים בית הערבה,זכר,"תשפ""ה",2000-05-04,קרית יערים,עיצוב,2022-05-23,
כרים,זכריה,אורט אדיבי אשקלון,זכר,"תשפ""ב",2002-02-28,גבעת זאב,יישומי עיצוב שיער וטיפוח החן,,
נדב,כהן,עכו מרום,זכר,"תשפ""ד",2007-03-25,מעלה אדומים,אוטוטרוניקה,,
מוחמד,אלבז,אורט אדיבי אשקלון,זכר,"תשע""ט",2007-02-17,בית שמש,עיצוב,,
איתי,עבד אלחק,צור ברק,זכר,"תש""ף",2000-04-16,צור הדסה,עיצוב,,
יעל,עבד אלחק,אורט אדיבי אשקלון,נקבה,"תשפ""ד",2000-09-18,צור הדסה,עיצוב שיער,,
עמית,בן דוד,מוצקין,זכר,"תשפ""ג",2005-12-19,הר אדר,תקשוב,,
יונתן,אשכנזי,ירושלים בית הערבה,זכר,"תשפ""ד",2001-07-07,ירושלים,עיצוב(חנמ),,
נדב,לוי,עכו מרום,זכר,"תשפ""ג",2006-11-12,מודיעין,מסגרות מבנים,2025-03-20,
אדם,רוזן,ירושלים בית הערבה,זכר,"תשפ""ה",2005-02-06,צור הדסה,תקשוב,,
מאהר,לוי,ירושלים בית הערבה,זכר,"תשפ""ה",2000-04-22,גבעת זאב,תקשוב,,
אחמד,עמר,עכו מרום,זכר,"תשפ""ד",2003-10-03,מבשרת ציון,,2019-10-18,
מיכל,מזרחי,צור ברק,נקבה,"תשפ""ב",2002-08-24,מבשרת ציון,מערכות תיכון וייצר באמצעות מחשב,,
אורי,מזרחי,עכו מרום,זכר,"תשפ""ה",2006-09-04,אבן ספיר,עיצוב שיער,,
אלעד,זועבי,ירושלים בית הערבה,זכר,"תשפ""ה",2001-05-23,מעלה אדומים,עיצוב,,
יונתן,לוי,עכו מרום,זכר,"תשפ""ה",2002-09-10,בית שמש,עיצוב שיער,,
בר,ברק,עכו מרום,זכר,"תשע""ח",2005-11-17,גבע בנימין,התמחות יישומי אוטו-טק,,
ספיר,מלכה,עכו מרום,נקבה,"תשפ""ג",2000-10-27,,עיצוב,,
נדב,בן דוד,עכו מרום,זכר,"תשפ""ד",2007-02-17,מודיעין,מחשבים,,
כרים,מלכה,בית שאן,זכר,"תשפ""א",2006-09-18,צור הדסה,עיצוב שיער,,
ליאור,חדד,אורט אדיבי אשקלון,זכר,"תשפ""ג",2003-10-02,מעלה אדומים,עיצוב(חנמ),,
עדי,אוחיון,צור ברק,נקבה,"תשפ""ב",2000-10-26,צור הדסה,מערכות הספק פיקוד ובקרה,,
ליאור,מלכה,מוצקין,זכר,"תשפ""ג",2006-04-19,גבעת זאב,תקשוב,,
אסף,אלבז,אורט אדיבי אשקלון,זכר,"תשפ""ד",2001-07-22,גבע בנימין,,,
שקד,עמר,בית שאן,נקבה,"תשפ""ד",2007-10-11,אפרת,,,
אלון,מזרחי,עכו מרום,זכר,"תשע""ט",2001-04-21,גבעת זאב,בישול מלונאי,,
רועי,כהן,ירושלים בית הערבה,זכר,"תשפ""ג",2002-06-27,בית שמש,אוטוטרוניקה,,
איתי,נחום,בית שאן,זכר,"תשפ""ג",2006-11-26,בית שמש,תחזוקת מערכות מכניות,,
עידו,שרעבי,אורט אדיבי אשקלון,זכר,"תשפ""ה",2004-03-25,בית שמש,מחשבים,,
נועם,אשכנזי,עכו מרום,זכר,"תש""ף",2002-03-22,מודיעין,עיצוב שיער,,
הראל,עמר,צור ברק,זכר,"תשפ""ה",2004-01-17,מבשרת ציון,התמחות יישומי אוטו-טק,,
לינוי,סרסור,ירושלים בית הערבה,נקבה,"תשפ""ד",2001-06-25,אפרת,תקשוב,,
דניאל,מזרחי,ירושלים בית הערבה,זכר,"תשפ""א",2004-05-19,אבן ספיר,,,
בר,כהן,עכו מרום,זכר,"תשפ""ג",2005-12-22,אפרת,אוטוטרוניקה,,
עידו,קדוש,עכו מרום,זכר,"תשפ""ד",2002-10-01,הר אדר,יישומי עיצוב שיער וטיפוח החן,,
מאהר,חטיב,עכו מרום,זכר,"תשפ""ג",2000-05-21,גבע בנימין,עיצוב שיער,,
סלמא,אגבאריה,ירושלים בית הערבה,נקבה,"תשפ""א",2007-06-12,צור הדסה,התמחות יישומי אוטו-טק,,
נטע,אזולאי,ירושלים בית הערבה,נקבה,"תשפ""ד",2003-10-05,גבע בנימין,מערכות הספק פיקוד ובקרה,,
תמר,אלבז,עכו מרום,נקבה,"תשפ""ה",2007-05-09,מבשרת ציון,מחשבים,,
שי,אזולאי,ירושלים בית הערבה,זכר,"תשפ""א",2001-10-01,גבעת זאב,יישומי עיצוב שיער וטיפוח החן,,
רן,נחום,אורט אדיבי אשקלון,זכר,"תשפ""ה",2007-02-28,,תחזוקת מערכות מכניות,,
ניצן,סבג,ירושלים בית הערבה,נקבה,"תש""ף",2000-04-14,קרית יערים,,,
ליאור,עבד אלחק,עכו מרום,זכר,"תשפ""ב",2005-06-22,בית שמש,תחזוקת מערכות מכניות,,
נתנאל,אלבז,ירושלים בית הערבה,זכר,"תשפ""ג",2002-07-10,קרית יערים,מחשבים,,
שי,מלכה,ירושלים בית הערבה,זכר,"תשפ""ד",2007-09-14,גבע בנימין,עיצוב שיער,,
עידו,בן דוד,אורט אדיבי אשקלון,זכר,,2007-07-11,,עיצוב,2025-07-01,
גיא,חיים,מוצקין,זכר,"תשפ""ה",2007-08-10,אפרת,מערכות סיב````ם תיב````ם,,
מאהר,רוזן,ירושלים בית הערבה,זכר,"תשע""ח",2004-06-06,אבן ספיר,מסגרות מבנים,,
דועא,זועבי,עכו מרום,נקבה,"תשפ""ד",2001-07-12,מודיעין,תחזוקת מערכות מכניות,,
אריאל,דהן,מוצקין,זכר,"תשפ""ב",2003-10-17,ירושלים,התמחות יישומי אוטו-טק,,
אלון,שפירא,אורט אדיבי אשקלון,זכר,"תשע""ט",2001-02-19,מעלה אדומים,עיצוב שיער,,
חסן,דוד,אורט אדיבי אשקלון,זכר,"תשפ""ה",2006-06-20,אפרת,,2024-09-14,
יונתן,זועבי,עכו מרום,זכר,"תשפ""ג",2006-10-18,צור הדסה,יישומי עיצוב שיער וטיפוח החן,,
בר,דוד,עכו מרום,זכר,"תש""ף",2002-12-13,מעלה אדומים,יישומי עיצוב שיער וטיפוח החן,,
רוני,עבד אלחק,עכו מרום,נקבה,"תשפ""ג",2001-11-14,קרית יערים,יישומי עיצוב שיער וטיפוח החן,,
רוני,סלומון,אורט אדיבי אשקלון,נקבה,"תשפ""ה",2007-04-04,גבעת זאב,בישול מלונאי,,
שחר,אשכנזי,ירושלים בית הערבה,זכר,"תשע""ט",2002-11-30,קרית יערים,,,
אדם,חטיב,עכו מרום,זכר,"תשע""ח",2004-09-23,מעלה אדומים,עיצוב(חנמ),,
עידו,זכריה,אורט אדיבי אשקלון,זכר,"תש""ף",2006-03-03,גבע בנימין,עיצוב שיער,,
הראל,אגבאריה,אורט אדיבי אשקלון,זכר,"תשפ""ד",2002-06-08,בית שמש,עיצוב,,
יונתן,זועבי,אורט אדיבי אשקלון,זכר,"תשפ""א",2004-11-14,ירושלים,,,
תומר,פרידמן,אורט אדיבי אשקלון,זכר,"תשע""ח",2003-01-08,אפרת,מחשבים,,
מוחמד,חיים,מוצקין,זכר,"תשע""ט",2004-03-19,קרית יערים,בישול מלונאי,,
רוני,אזולאי,עכו מרום,נקבה,"תשפ""ה",2003-03-02,בית שמש,יישומי עיצוב שיער וטיפוח החן(חנמ),,
אדם,אלבז,עכו מרום,זכר,"תשפ""ה",2000-07-24,אפרת,,,
מאיה,חדד,מוצקין,נקבה,"תשפ""ד",2004-03-03,בית שמש,מחשבים,,
בר,לוי,אורט אדיבי אשקלון,זכר,"תשפ""ב",2003-03-14,,אוטוטרוניקה,,
מאהר,שפירא,ירושלים בית הערבה,זכר,"תשפ""ב",2003-03-13,ירושלים,מחשבים,,
אריאל,לוי,ירושלים בית הערבה,זכר,"תשפ""ג",2000-12-21,,עיצוב שיער,,
אורי,שפירא,מוצקין,זכר,"תשפ""א",2004-11-13,ירושלים,אוטוטרוניקה,,2025-11-06
עלי,סרסור,ירושלים בית הערבה,זכר,"תשפ""ג",2003-07-31,מבשרת ציון,מערכות הספק פיקוד ובקרה,,
מרים,שפירא,ירושלים בית הערבה,נקבה,"תשפ""ד",2001-03-03,ירושלים,,,
שי,כהן,אורט אדיבי אשקלון,זכר,"תשפ""ב",2006-08-26,הר אדר,התמחות יישומי אוטו-טק,,
יוסף,טל,עכו מרום,זכר,"תש""ף",2003-07-04,מודיעין,מערכות הספק פיקוד ובקרה,,
טל,דהן,ירושלים בית הערבה,נקבה,"תשע""ח",2005-06-18,מבשרת ציון,מחשבים,,
טל,עמר,אורט אדיבי אשקלון,נקבה,"תשפ""ב",2006-08-12,מבשרת ציון,עיצוב(חנמ),,
יוסף,שפירא,אורט אדיבי אשקלון,זכר,"תשע""ט",2007-03-19,בית שמש,,,
שי,סלומון,ירושלים בית הערבה,זכר,"תשפ""ה",2006-04-25,מודיעין,,,
סאמר,עמר,אורט אדיבי אשקלון,זכר,"תשפ""ה",2007-03-16,,התמחות יישומי אוטו-טק,,
יובל,עבד אלחק,עכו מרום,זכר,"תשפ""ב",2004-12-08,אפרת,תקשוב,,
נועה,אגבאריה,אורט אדיבי אשקלון,נקבה,"תשפ""ג",2004-12-19,מבשרת ציון,,,
נתנאל,כהן,עכו מרום,זכר,"תשפ""א",2002-07-13,מעלה אדומים,,,
רועי,גבאי,ירושלים בית הערבה,זכר,"תשפ""ד",2001-01-25,קרית יערים,,,
הדס,שרעבי,אורט אדיבי אשקלון,נקבה,"תשפ""ד",2000-03-21,בית שמש,עיצוב שיער,,
רועי,טל,עכו מרום,זכר,"תשע""ח",2001-07-23,אבן ספיר,תחזוקת מערכות מכניות,,
מיכל,זכריה,אורט אדיבי אשקלון,נקבה,"תשפ""א",2006-03-02,צור הדסה,אוטוטרוניקה,2021-12-15,
אביגיל,מנסור,צור ברק,נקבה,"תשפ""ד",2001-06-27,ירושלים,עיצוב,,
אדם,קדוש,ירושלים בית הערבה,זכר,"תשפ""א",2000-02-24,ירושלים,תקשוב,,
יובל,ברק,עכו מרום,נקבה,"תשע""ט",2000-09-23,בית שמש,תקשוב(חנמ),,
סאמר,סעדה,ירושלים בית הערבה,זכר,"תשפ""ד",2002-12-22,מבשרת ציון,תקשוב,,
מרים,אגבאריה,אורט אדיבי אשקלון,נקבה,"תשפ""ג",2003-12-27,מבשרת ציון,מחשבים,,
גיא,חיים,ירושלים בית הערבה,זכר,,2004-11-07,אפרת,,2020-06-20,
רותם,סבג,צור ברק,נקבה,"תשפ""ב",2000-07-25,ירושלים,מחשבים,2020-09-07,
איתי,חיים,ירושלים בית הערבה,זכר,"תשפ""א",2000-12-07,מעלה אדומים,מערכות סיב````ם תיב````ם,,
תומר,לוי,אורט אדיבי אשקלון,זכר,"תשפ""ד",2000-02-03,הר אדר,מחשבים,,
בר,עמר,עכו מרום,זכר,"תשפ""ג",2002-10-08,גבעת זאב,תקשוב,2023-12-07,
ניצן,גבאי,ירושלים בית הערבה,נקבה,"תשפ""ג",2003-07-13,מבשרת ציון,אוטוטרוניקה,,
נדב,מלכה,בית שאן,זכר,"תשפ""ד",2000-03-07,מבשרת ציון,תקשוב(חנמ),,
גיא,מזרחי,ירושלים בית הערבה,זכר,"תשפ""ג",2000-12-06,מעלה אדומים,תחזוקת מערכות מכניות(חנמ),,
אריאל,שפירא,עכו מרום,זכר,"תש""ף",2004-12-22,צור הדסה,מחשבים,,
אדם,פרידמן,ירושלים בית הערבה,זכר,"תשפ""ה",2003-06-25,מודיעין,התמחות יישומי אוטו-טק,,
עידו,מזרחי,ירושלים בית הערבה,זכר,"תשפ""ה",2005-10-21,גבעת זאב,מערכות הספק פיקוד ובקרה,2024-03-07,
רוני,דהן,אורט אדיבי אשקלון,נקבה,"תשפ""ד",2004-09-05,מעלה אדומים,עיצוב,,
אור,אוחיון,אורט אדיבי אשקלון,נקבה,"תשפ""ה",2004-03-04,ירושלים,,2024-01-12,
אחמד,אשכנזי,עכו מרום,זכר,"תש""ף",2000-01-11,בית שמש,מחשבים,,
מאהר,חיים,אורט אדיבי אשקלון,זכר,"תשפ""ב",2001-06-30,צור הדסה,מחשבים,,
ניצן,זכריה,ירושלים בית הערבה,נקבה,"תשפ""ה",2004-01-07,מעלה אדומים,אוטוטרוניקה,,
עידו,אגבאריה,בית שאן,זכר,"תשפ""ג",2007-02-03,מודיעין,עיצוב שיער,,
שחר,בן דוד,בית שאן,זכר,"תשפ""ה",2003-01-08,מודיעין,מחשבים,,
יוסף,אגבאריה,עכו מרום,זכר,"תשפ""ד",2002-05-27,מודיעין,מערכות תיכון וייצר באמצעות מחשב,,
דנה,חיים,ירושלים בית הערבה,נקבה,"תשפ""ג",2002-05-27,אבן ספיר,תקשוב,,
יוסף,פרץ,אורט אדיבי אשקלון,זכר,"תשפ""ה",2000-05-11,,עיצוב,,
אריאל,סלומון,עכו מרום,זכר,"תשפ""ה",2007-07-07,הר אדר,עיצוב,,
דועא,ביטון,אורט אדיבי אשקלון,נקבה,"תשפ""ג",2002-08-06,גבעת זאב,עיצוב,,
אורי,מלכה,ירושלים בית הערבה,זכר,"תשפ""א",2006-04-10,בית שמש,אוטוטרוניקה,,
נועם,ברק,אורט אדיבי אשקלון,זכר,"תשפ""ג",2003-03-12,אבן ספיר,תחזוקת מערכות מכניות,,
רן,שפירא,עכו מרום,זכר,"תשע""ט",2003-12-06,מודיעין,התמחות יישומי אוטו-טק,,
ניצן,גבאי,אורט אדיבי אשקלון,נקבה,"תשפ""ב",2004-02-05,הר אדר,מחשבים,,
אלעד,מלכה,אורט אדיבי אשקלון,זכר,"תשע""ח",2002-12-27,ירושלים,תקשוב,,
מרים,כהן,אורט אדיבי אשקלון,נקבה,"תשע""ט",2003-06-20,אבן ספיר,תחזוקת מערכות מכניות(חנמ),,
ליאור,גבאי,ירושלים בית הערבה,זכר,"תשפ""ג",2002-04-21,הר אדר,התמחות יישומי אוטו-טק,,
לינוי,ביטון,ירושלים בית הערבה,נקבה,"תשפ""ב",2003-11-24,קרית יערים,עיצוב שיער,,
אריאל,מלכה,עכו מרום,זכר,"תשפ""ב",2002-06-27,גבעת זאב,תקשוב,,
אמל,נחום,ירושלים בית הערבה,נקבה,"תשע""ט",2001-05-24,מעלה אדומים,תקשוב,,
דועא,אברהם,ירושלים בית הערבה,נקבה,"תשפ""ה",2000-04-19,קרית יערים,תקשוב,,
אביב,ברק,ירושלים בית הערבה,זכר,"תשפ""ב",2007-12-21,אפרת,עיצוב שיער,,
שירה,עטיה,צור ברק,נקבה,"תשפ""ד",2004-12-01,קרית יערים,התמחות יישומי אוטו-טק,,
יוסף,שרעבי,ירושלים בית הערבה,זכר,"תשפ""ד",2005-05-04,צור הדסה,תחזוקת מערכות מכניות,,
עלי,פרידמן,ירושלים בית הערבה,זכר,"תשפ""ד",2007-06-14,גבעת זאב,יישומי עיצוב שיער וטיפוח החן,,
בר,רוזן,אורט אדיבי אשקלון,זכר,"תשפ""ד",2000-09-26,קרית יערים,מחשבים,,
עלי,כהן,ירושלים בית הערבה,זכר,"תש""ף",2003-10-14,,מחשבים,,
מאיה,פרידמן,עכו מרום,נקבה,"תשפ""ב",2002-11-07,מבשרת ציון,מחשבים,,
עמית,נסראללה,אורט אדיבי אשקלון,זכר,"תשע""ט",2005-05-31,מעלה אדומים,עיצוב שיער,2021-03-22,
שחר,קדוש,ירושלים בית הערבה,זכר,"תשפ""ב",2005-04-04,גבע בנימין,תחזוקת מערכות מכניות(חנמ),,
רותם,דוד,אורט אדיבי אשקלון,נקבה,"תשפ""ד",2007-09-22,קרית יערים,מחשבים,,
אחמד,נחום,אורט אדיבי אשקלון,זכר,"תש""ף",2001-04-22,ירושלים,תקשוב,,
אביגיל,עבד אלחק,עכו מרום,נקבה,"תשפ""א",2005-05-23,גבע בנימין,עיצוב,,
מוחמד,מזרחי,ירושלים בית הערבה,זכר,"תשפ""ד",2001-06-24,מבשרת ציון,עיצוב שיער,,
טל,אלבז,עכו מרום,נקבה,"תשפ""ד",2000-09-21,הר אדר,יישומי עיצוב שיער וטיפוח החן,,
כרים,נחום,עכו מרום,זכר,"תשפ""ה",2007-02-16,ירושלים,עיצוב(חנמ),2020-06-23,
נטע,פרץ,בית שאן,נקבה,"תש""ף",2007-01-06,אפרת,מערכות תיכון וייצר באמצעות מחשב,2023-05-31,
הראל,ביטון,עכו מרום,זכר,"תשפ""ד",2006-03-24,קרית יערים,יישומי עיצוב שיער וטיפוח החן,,
דניאל,אזולאי,ירושלים בית הערבה,זכר,"תשע""ט",2002-07-15,מבשרת ציון,מסגרות מבנים,,
עומר,חטיב,עכו מרום,זכר,"תשפ""ה",2000-03-31,מודיעין,,,
מרים,זכריה,ירושלים בית הערבה,נקבה,"תשפ""ד",2007-06-05,הר אדר,,2020-10-19,
יוסף,מלכה,בית שאן,זכר,"תש""ף",2002-11-07,קרית יערים,עיצוב,,
רותם,נחום,אורט אדיבי אשקלון,נקבה,"תשפ""ה",2006-10-17,קרית יערים,עיצוב שיער,,
נטע,נחום,ירושלים בית הערבה,נקבה,"תשפ""ב",2000-12-10,מעלה אדומים,תקשוב(חנמ),,
נדב,טל,אורט אדיבי אשקלון,זכר,"תשפ""ה",2002-05-04,מודיעין,עיצוב(חנמ),,
נטע,מנסור,עכו מרום,נקבה,"תשפ""ב",2004-01-31,בית שמש,מחשבים,,
אחמד,חיים,אורט אדיבי אשקלון,זכר,"תשפ""ג",2005-10-27,אבן ספיר,אוטוטרוניקה,2025-05-25,
נתנאל,אזולאי,אורט אדיבי אשקלון,זכר,"תשפ""ה",2002-07-06,קרית יערים,מחשבים,,
שירה,שפירא,עכו מרום,נקבה,"תש""ף",2005-07-24,צור הדסה,אוטוטרוניקה,,
טל,מזרחי,צור ברק,נקבה,"תשע""ט",2000-01-25,,מחשבים,,
סאמר,עבד אלחק,מוצקין,זכר,"תשפ""ב",2000-05-03,מבשרת ציון,מערכות סיב````ם תיב````ם,,
אורי,אלבז,בית שאן,זכר,"תשפ""ב",2004-08-18,גבעת זאב,תקשוב,,
אורי,שרעבי,ירושלים בית הערבה,זכר,"תשפ""ג",2007-11-08,מעלה אדומים,אוטוטרוניקה,,
עידו,מזרחי,עכו מרום,זכר,"תשע""ח",2004-05-08,מעלה אדומים,עיצוב שיער,,
יונתן,מנסור,עכו מרום,זכר,"תשפ""ה",2006-11-12,מודיעין,תחזוקת מערכות מכניות,,
ליאור,חדד,אורט אדיבי אשקלון,נקבה,"תשפ""ה",2007-08-24,מודיעין,תקשוב(חנמ),,
אלון,לוי,אורט אדיבי אשקלון,זכר,"תשפ""ב",2003-01-26,מודיעין,תקשוב,,
הראל,אוחיון,אורט אדיבי אשקלון,זכר,"תשפ""ג",2007-11-22,בית שמש,תחזוקת מערכות מכניות(חנמ),2023-08-15,
טל,מזרחי,אורט אדיבי אשקלון,נקבה,"תשפ""א",2004-09-10,גבעת זאב,מערכות הספק פיקוד ובקרה,,
אלון,עבד אלחק,צור ברק,זכר,"תשפ""ד",2004-04-04,אפרת,מחשבים,,
נדב,מזרחי,עכו מרום,זכר,"תשפ""ב",2001-01-23,צור הדסה,מחשבים,,
מוחמד,לוי,בית שאן,זכר,"תשפ""ה",2006-01-20,אבן ספיר,תקשוב(חנמ),2021-12-05,2025-06-19
תמר,מזרחי,אורט אדיבי אשקלון,נקבה,"תשפ""ד",2003-03-17,צור הדסה,יישומי עיצוב שיער וטיפוח החן,,
עמית,גבאי,אורט אדיבי אשקלון,זכר,"תשפ""ג",2004-03-18,גבעת זאב,תחזוקת מערכות מכניות(חנמ),,
נור,שרעבי,ירושלים בית הערבה,נקבה,"תש""ף",2003-05-17,צור הדסה,עיצוב(חנמ),,
סאמר,דהן,ירושלים בית הערבה,זכר,"תשפ""ב",2004-06-22,אפרת,מערכות הספק פיקוד ובקרה,,
אלעד,סלומון,אורט אדיבי אשקלון,זכר,"תש""ף",2005-10-11,בית שמש,,,
גיא,פרץ,אורט אדיבי אשקלון,זכר,"תשפ""ד",2001-03-02,מודיעין,התמחות יישומי אוטו-טק,,
עמית,אשכנזי,אורט אדיבי אשקלון,זכר,"תשפ""ג",2003-10-26,אפרת,מלונאות,,
יונתן,חטיב,ירושלים בית הערבה,זכר,"תשפ""ה",2001-03-15,מודיעין,עיצוב שיער,,
ליאור,סלומון,ירושלים בית הערבה,זכר,"תשפ""ד",2001-03-27,צור הדסה,אוטוטרוניקה,,
שקד,מלכה,אורט אדיבי אשקלון,נקבה,"תשפ""ג",2001-08-06,,עיצוב(חנמ),,
נור,חדד,מוצקין,נקבה,"תשפ""ה",2007-10-21,מבשרת ציון,,,
אריאל,שרעבי,ירושלים בית הערבה,זכר,"תש""ף",2001-12-11,גבעת זאב,עיצוב שיער,,
אלון,ברק,אורט אדיבי אשקלון,זכר,"תשפ""ב",2007-09-01,מודיעין,אוטוטרוניקה,,
מיכל,חיים,עכו מרום,נקבה,"תשפ""ג",2004-10-10,אפרת,אוטוטרוניקה,,
הילה,חדד,אורט אדיבי אשקלון,נקבה,"תשפ""ג",2000-08-10,גבע בנימין,תקשוב,,
הילה,אלבז,עכו מרום,נקבה,"תשפ""ד",2003-06-23,צור הדסה,עיצוב שיער,,
עדי,חיים,עכו מרום,נקבה,"תש""ף",2000-12-03,הר אדר,תחזוקת מערכות מכניות(חנמ),,
בר,נחום,מוצקין,זכר,"תשפ""ה",2004-11-25,הר אדר,עיצוב,,
עומר,רוזן,ירושלים בית הערבה,זכר,"תשפ""ד",2001-07-01,מודיעין,מערכות הספק פיקוד ובקרה,,
אמל,מזרחי,מוצקין,נקבה,"תשפ""ה",2004-11-12,ירושלים,תקשוב,,
עומר,עמר,ירושלים בית הערבה,זכר,"תשפ""ג",2001-08-22,מעלה אדומים,יישומי עיצוב שיער וטיפוח החן,,
אסף,עטיה,אורט אדיבי אשקלון,זכר,"תשפ""ה",2004-06-02,צור הדסה,תקשוב,2021-09-02,
בר,חטיב,ירושלים בית הערבה,זכר,"תשפ""ב",2003-04-02,מעלה אדומים,מערכות סיב````ם תיב````ם,,
ניצן,טל,מוצקין,נקבה,"תשפ""ב",,צור הדסה,אוטוטרוניקה,,
אביב,פרידמן,ירושלים בית הערבה,זכר,"תשפ""ב",2007-02-15,אבן ספיר,,,
יעל,פרידמן,עכו מרום,נקבה,"תשפ""ה",2005-09-26,ירושלים,התמחות יישומי אוטו-טק,,
עומר,זכריה,ירושלים בית הערבה,זכר,"תשפ""ד",2006-09-15,גבע בנימין,אוטוטרוניקה,,
אדם,קדוש,אורט אדיבי אשקלון,זכר,"תשפ""ב",2001-03-27,קרית יערים,תחזוקת מערכות מכניות,2023-03-11,
איתי,מזרחי,ירושלים בית הערבה,זכר,"תשפ""ד",2005-03-25,אפרת,עיצוב(חנמ),,
ספיר,סרסור,אורט אדיבי אשקלון,נקבה,"תשפ""ג",2007-04-17,מבשרת ציון,תקשוב,2020-11-10,
שחר,פרץ,בית שאן,זכר,"תש""ף",2004-03-03,צור הדסה,תחזוקת מערכות מכניות(חנמ),2024-10-05,
אורי,מזרחי,עכו מרום,זכר,"תשפ""ה",2006-11-03,קרית יערים,,,
אביב,אוחיון,ירושלים בית הערבה,זכר,"תשפ""ג",2002-12-31,אבן ספיר,אוטוטרוניקה,,
תומר,ביטון,ירושלים בית הערבה,זכר,"תש""ף",2007-09-17,גבע בנימין,מערכות הספק פיקוד ובקרה,,
מוחמד,עטיה,מוצקין,זכר,"תשפ""ג",2003-01-10,הר אדר,תקשוב(חנמ),,
ליאור,סרסור,אורט אדיבי אשקלון,זכר,"תשפ""ה",2002-01-17,גבעת זאב,בישול מלונאי,,
נדב,סרסור,עכו מרום,זכר,"תש""ף",2001-12-26,מבשרת ציון,תחזוקת מערכות מכניות,2019-07-25,
מרים,פרידמן,ירושלים בית הערבה,נקבה,"תשע""ט",2001-08-16,אפרת,תקשוב,,2025-05-25
תומר,סרסור,עכו מרום,זכר,"תשע""ח",2005-01-05,מודיעין,תקשוב,,
אביב,זכריה,צור ברק,זכר,"תשפ""ד",2005-06-24,מודיעין,אוטוטרוניקה,,
לינוי,מנסור,עכו מרום,נקבה,"תשפ""ב",2001-06-26,מודיעין,תחזוקת מערכות מכניות,,
רועי,אשכנזי,ירושלים בית הערבה,זכר,"תש""ף",2005-02-13,אבן ספיר,,,
עמית,כהן,ירושלים בית הערבה,זכר,"תש""ף",2000-05-06,צור הדסה,עיצוב שיער,2024-02-09,
אריאל,אגבאריה,צור ברק,זכר,"תשפ""ב",2003-06-21,מבשרת ציון,מחשבים,,
אור,שרעבי,ירושלים בית הערבה,נקבה,"תשפ""ה",2003-07-04,מבשרת ציון,תקשוב,,
נתנאל,בן דוד,עכו מרום,זכר,"תשפ""ד",2001-12-14,גבעת זאב,עיצוב(חנמ),,
הילה,שפירא,ירושלים בית הערבה,נקבה,"תש""ף",2002-11-16,בית שמש,תחזוקת מערכות מכניות,,
שי,מזרחי,אורט אדיבי אשקלון,זכר,"תש""ף",2005-04-05,בית שמש,התמחות יישומי אוטו-טק,,
אחמד,קדוש,עכו מרום,זכר,"תשפ""ה",2006-10-20,ירושלים,,,
הראל,נסראללה,צור ברק,זכר,"תשפ""ג",2000-03-18,הר אדר,אוטוטרוניקה,,
יובל,דוד,אורט אדיבי אשקלון,נקבה,"תשפ""א",2001-06-08,גבעת זאב,,,
הדס,סלומון,ירושלים בית הערבה,נקבה,"תשפ""ג",2003-02-07,ירושלים,יישומי עיצוב שיער וטיפוח החן,,
אביב,פרץ,עכו מרום,זכר,"תשפ""ה",2003-02-02,קרית יערים,תחזוקת מערכות מכניות,,
עלי,ביטון,ירושלים בית הערבה,זכר,"תשפ""ד",2001-03-08,גבע בנימין,תקשוב(חנמ),,
שי,שרעבי,אורט אדיבי אשקלון,זכר,"תשפ""ד",2003-03-19,ירושלים,עיצוב שיער,,
נתנאל,חדד,מוצקין,זכר,"תשפ""ד",2004-09-12,אפרת,עיצוב שיער,,
אחמד,אזולאי,בית שאן,זכר,"תשפ""ג",2001-02-03,מבשרת ציון,עיצוב שיער,,
תומר,עבד אלחק,אורט אדיבי אשקלון,זכר,"תשפ""ד",2001-01-08,הר אדר,מערכות סיב````ם תיב````ם,2020-11-17,
עמית,בן דוד,עכו מרום,זכר,"תשפ""ה",2004-10-23,צור הדסה,מערכות סיב````ם תיב````ם,,
אדם,שרעבי,אורט אדיבי אשקלון,זכר,"תשפ""א",2003-12-11,אפרת,מחשבים,,
עומר,אשכנזי,ירושלים בית הערבה,זכר,"תשפ""ה",2000-12-09,אבן ספיר,מחשבים,,
הילה,טל,עכו מרום,נקבה,"תשפ""א",2000-03-26,אבן ספיר,,,
יעל,דוד,עכו מרום,נקבה,"תשפ""ג",2003-05-23,,,,2025-04-15